[2025-11-11T11:26:41.902+0900] {executor_loader.py:254} INFO - Loaded executor: SequentialExecutor
[2025-11-11T11:26:42.077+0900] {scheduler_job_runner.py:950} INFO - Starting the scheduler
[2025-11-11T11:26:42.077+0900] {scheduler_job_runner.py:957} INFO - Processing each file at most -1 times
[2025-11-11T11:26:42.081+0900] {manager.py:174} INFO - Launched DagFileProcessorManager with pid: 3249678
[2025-11-11T11:26:42.082+0900] {scheduler_job_runner.py:1949} INFO - Adopting or resetting orphaned tasks for active dag runs
[2025-11-11T11:26:42.084+0900] {settings.py:63} INFO - Configured default timezone UTC
[2025-11-11T11:26:42.099+0900] {manager.py:406} WARNING - Because we cannot use more than 1 thread (parsing_processes = 2) when using sqlite. So we set parallelism to 1.
[2025-11-11T11:27:58.405+0900] {dag.py:4180} INFO - Setting next_dagrun for collect_bid_data_daily to 2025-11-11 02:00:00+00:00, run_after=2025-11-12 02:00:00+00:00
[2025-11-11T11:27:58.866+0900] {scheduler_job_runner.py:435} INFO - 3 tasks up for execution:
	<TaskInstance: collect_bid_data_daily.collect_notice_data scheduled__2025-11-10T02:00:00+00:00 [scheduled]>
	<TaskInstance: collect_bid_data_daily.collect_company_data scheduled__2025-11-10T02:00:00+00:00 [scheduled]>
	<TaskInstance: collect_bid_data_daily.collect_bid_data scheduled__2025-11-10T02:00:00+00:00 [scheduled]>
[2025-11-11T11:27:58.866+0900] {scheduler_job_runner.py:507} INFO - DAG collect_bid_data_daily has 0/16 running and queued tasks
[2025-11-11T11:27:58.866+0900] {scheduler_job_runner.py:507} INFO - DAG collect_bid_data_daily has 1/16 running and queued tasks
[2025-11-11T11:27:58.866+0900] {scheduler_job_runner.py:507} INFO - DAG collect_bid_data_daily has 2/16 running and queued tasks
[2025-11-11T11:27:58.867+0900] {scheduler_job_runner.py:646} INFO - Setting the following tasks to queued state:
	<TaskInstance: collect_bid_data_daily.collect_notice_data scheduled__2025-11-10T02:00:00+00:00 [scheduled]>
	<TaskInstance: collect_bid_data_daily.collect_company_data scheduled__2025-11-10T02:00:00+00:00 [scheduled]>
	<TaskInstance: collect_bid_data_daily.collect_bid_data scheduled__2025-11-10T02:00:00+00:00 [scheduled]>
[2025-11-11T11:27:58.868+0900] {scheduler_job_runner.py:748} INFO - Trying to enqueue tasks: [<TaskInstance: collect_bid_data_daily.collect_notice_data scheduled__2025-11-10T02:00:00+00:00 [scheduled]>, <TaskInstance: collect_bid_data_daily.collect_company_data scheduled__2025-11-10T02:00:00+00:00 [scheduled]>, <TaskInstance: collect_bid_data_daily.collect_bid_data scheduled__2025-11-10T02:00:00+00:00 [scheduled]>] for executor: SequentialExecutor(parallelism=32)
[2025-11-11T11:27:58.868+0900] {scheduler_job_runner.py:692} INFO - Sending TaskInstanceKey(dag_id='collect_bid_data_daily', task_id='collect_notice_data', run_id='scheduled__2025-11-10T02:00:00+00:00', try_number=1, map_index=-1) to SequentialExecutor with priority 3 and queue default
[2025-11-11T11:27:58.868+0900] {base_executor.py:169} INFO - Adding to queue: ['airflow', 'tasks', 'run', 'collect_bid_data_daily', 'collect_notice_data', 'scheduled__2025-11-10T02:00:00+00:00', '--local', '--subdir', 'DAGS_FOLDER/data_collection_dag.py']
[2025-11-11T11:27:58.868+0900] {scheduler_job_runner.py:692} INFO - Sending TaskInstanceKey(dag_id='collect_bid_data_daily', task_id='collect_company_data', run_id='scheduled__2025-11-10T02:00:00+00:00', try_number=1, map_index=-1) to SequentialExecutor with priority 2 and queue default
[2025-11-11T11:27:58.868+0900] {base_executor.py:169} INFO - Adding to queue: ['airflow', 'tasks', 'run', 'collect_bid_data_daily', 'collect_company_data', 'scheduled__2025-11-10T02:00:00+00:00', '--local', '--subdir', 'DAGS_FOLDER/data_collection_dag.py']
[2025-11-11T11:27:58.868+0900] {scheduler_job_runner.py:692} INFO - Sending TaskInstanceKey(dag_id='collect_bid_data_daily', task_id='collect_bid_data', run_id='scheduled__2025-11-10T02:00:00+00:00', try_number=1, map_index=-1) to SequentialExecutor with priority 1 and queue default
[2025-11-11T11:27:58.869+0900] {base_executor.py:169} INFO - Adding to queue: ['airflow', 'tasks', 'run', 'collect_bid_data_daily', 'collect_bid_data', 'scheduled__2025-11-10T02:00:00+00:00', '--local', '--subdir', 'DAGS_FOLDER/data_collection_dag.py']
[2025-11-11T11:27:59.003+0900] {sequential_executor.py:84} INFO - Executing command: ['airflow', 'tasks', 'run', 'collect_bid_data_daily', 'collect_notice_data', 'scheduled__2025-11-10T02:00:00+00:00', '--local', '--subdir', 'DAGS_FOLDER/data_collection_dag.py']
[2025-11-11T11:27:59.735+0900] {dagbag.py:588} INFO - Filling up the DagBag from /data/dev/bid-price-analysis/api-fetcher/scheduler/dags/data_collection_dag.py
[2025-11-11T11:27:59.874+0900] {task_command.py:467} INFO - Running <TaskInstance: collect_bid_data_daily.collect_notice_data scheduled__2025-11-10T02:00:00+00:00 [queued]> on host gf-consultant-data-server
[2025-11-11T11:28:02.274+0900] {sequential_executor.py:84} INFO - Executing command: ['airflow', 'tasks', 'run', 'collect_bid_data_daily', 'collect_company_data', 'scheduled__2025-11-10T02:00:00+00:00', '--local', '--subdir', 'DAGS_FOLDER/data_collection_dag.py']
[2025-11-11T11:28:03.035+0900] {dagbag.py:588} INFO - Filling up the DagBag from /data/dev/bid-price-analysis/api-fetcher/scheduler/dags/data_collection_dag.py
[2025-11-11T11:28:03.176+0900] {task_command.py:467} INFO - Running <TaskInstance: collect_bid_data_daily.collect_company_data scheduled__2025-11-10T02:00:00+00:00 [queued]> on host gf-consultant-data-server
[2025-11-11T11:28:05.694+0900] {sequential_executor.py:84} INFO - Executing command: ['airflow', 'tasks', 'run', 'collect_bid_data_daily', 'collect_bid_data', 'scheduled__2025-11-10T02:00:00+00:00', '--local', '--subdir', 'DAGS_FOLDER/data_collection_dag.py']
[2025-11-11T11:28:06.495+0900] {dagbag.py:588} INFO - Filling up the DagBag from /data/dev/bid-price-analysis/api-fetcher/scheduler/dags/data_collection_dag.py
[2025-11-11T11:28:06.631+0900] {task_command.py:467} INFO - Running <TaskInstance: collect_bid_data_daily.collect_bid_data scheduled__2025-11-10T02:00:00+00:00 [queued]> on host gf-consultant-data-server
[2025-11-11T11:28:09.001+0900] {scheduler_job_runner.py:776} INFO - Received executor event with state success for task instance TaskInstanceKey(dag_id='collect_bid_data_daily', task_id='collect_notice_data', run_id='scheduled__2025-11-10T02:00:00+00:00', try_number=1, map_index=-1)
[2025-11-11T11:28:09.001+0900] {scheduler_job_runner.py:776} INFO - Received executor event with state success for task instance TaskInstanceKey(dag_id='collect_bid_data_daily', task_id='collect_company_data', run_id='scheduled__2025-11-10T02:00:00+00:00', try_number=1, map_index=-1)
[2025-11-11T11:28:09.002+0900] {scheduler_job_runner.py:776} INFO - Received executor event with state success for task instance TaskInstanceKey(dag_id='collect_bid_data_daily', task_id='collect_bid_data', run_id='scheduled__2025-11-10T02:00:00+00:00', try_number=1, map_index=-1)
[2025-11-11T11:28:09.005+0900] {scheduler_job_runner.py:813} INFO - TaskInstance Finished: dag_id=collect_bid_data_daily, task_id=collect_bid_data, run_id=scheduled__2025-11-10T02:00:00+00:00, map_index=-1, run_start_date=2025-11-11 02:28:06.758822+00:00, run_end_date=None, run_duration=None, state=running, executor=SequentialExecutor(parallelism=32), executor_state=success, try_number=1, max_tries=2, job_id=5, pool=default_pool, queue=default, priority_weight=1, operator=PythonOperator, queued_dttm=2025-11-11 02:27:58.867384+00:00, queued_by_job_id=2, pid=3252581
[2025-11-11T11:28:09.005+0900] {scheduler_job_runner.py:813} INFO - TaskInstance Finished: dag_id=collect_bid_data_daily, task_id=collect_company_data, run_id=scheduled__2025-11-10T02:00:00+00:00, map_index=-1, run_start_date=2025-11-11 02:28:03.333307+00:00, run_end_date=None, run_duration=None, state=running, executor=SequentialExecutor(parallelism=32), executor_state=success, try_number=1, max_tries=2, job_id=4, pool=default_pool, queue=default, priority_weight=2, operator=PythonOperator, queued_dttm=2025-11-11 02:27:58.867384+00:00, queued_by_job_id=2, pid=3252410
[2025-11-11T11:28:09.006+0900] {scheduler_job_runner.py:813} INFO - TaskInstance Finished: dag_id=collect_bid_data_daily, task_id=collect_notice_data, run_id=scheduled__2025-11-10T02:00:00+00:00, map_index=-1, run_start_date=2025-11-11 02:28:00.034090+00:00, run_end_date=None, run_duration=None, state=running, executor=SequentialExecutor(parallelism=32), executor_state=success, try_number=1, max_tries=2, job_id=3, pool=default_pool, queue=default, priority_weight=3, operator=PythonOperator, queued_dttm=2025-11-11 02:27:58.867384+00:00, queued_by_job_id=2, pid=3252256
[2025-11-11T11:28:09.152+0900] {scheduler_job_runner.py:2086} WARNING - Failing (3) jobs without heartbeat after 2025-11-11 02:23:09.151762+00:00
[2025-11-11T11:28:09.153+0900] {scheduler_job_runner.py:2110} ERROR - Detected zombie job: {'full_filepath': '/data/dev/bid-price-analysis/api-fetcher/scheduler/dags/data_collection_dag.py', 'processor_subdir': '/data/dev/bid-price-analysis/api-fetcher/scheduler/dags', 'msg': "{'DAG Id': 'collect_bid_data_daily', 'Task Id': 'collect_notice_data', 'Run Id': 'scheduled__2025-11-10T02:00:00+00:00', 'Hostname': 'gf-consultant-data-server'}", 'simple_task_instance': SimpleTaskInstance(dag_id='collect_bid_data_daily', task_id='collect_notice_data', run_id='scheduled__2025-11-10T02:00:00+00:00', map_index=-1, start_date=datetime.datetime(2025, 11, 11, 2, 28, 0, 34090, tzinfo=Timezone('UTC')), end_date=None, try_number=1, state='running', executor=None, executor_config={}, run_as_user=None, pool='default_pool', priority_weight=3, queue='default', key=TaskInstanceKey(dag_id='collect_bid_data_daily', task_id='collect_notice_data', run_id='scheduled__2025-11-10T02:00:00+00:00', try_number=1, map_index=-1)), 'task_callback_type': None} (See https://airflow.apache.org/docs/apache-airflow/stable/core-concepts/tasks.html#zombie-undead-tasks)
[2025-11-11T11:28:09.153+0900] {scheduler_job_runner.py:2110} ERROR - Detected zombie job: {'full_filepath': '/data/dev/bid-price-analysis/api-fetcher/scheduler/dags/data_collection_dag.py', 'processor_subdir': '/data/dev/bid-price-analysis/api-fetcher/scheduler/dags', 'msg': "{'DAG Id': 'collect_bid_data_daily', 'Task Id': 'collect_bid_data', 'Run Id': 'scheduled__2025-11-10T02:00:00+00:00', 'Hostname': 'gf-consultant-data-server'}", 'simple_task_instance': SimpleTaskInstance(dag_id='collect_bid_data_daily', task_id='collect_bid_data', run_id='scheduled__2025-11-10T02:00:00+00:00', map_index=-1, start_date=datetime.datetime(2025, 11, 11, 2, 28, 6, 758822, tzinfo=Timezone('UTC')), end_date=None, try_number=1, state='running', executor=None, executor_config={}, run_as_user=None, pool='default_pool', priority_weight=1, queue='default', key=TaskInstanceKey(dag_id='collect_bid_data_daily', task_id='collect_bid_data', run_id='scheduled__2025-11-10T02:00:00+00:00', try_number=1, map_index=-1)), 'task_callback_type': None} (See https://airflow.apache.org/docs/apache-airflow/stable/core-concepts/tasks.html#zombie-undead-tasks)
[2025-11-11T11:28:09.153+0900] {scheduler_job_runner.py:2110} ERROR - Detected zombie job: {'full_filepath': '/data/dev/bid-price-analysis/api-fetcher/scheduler/dags/data_collection_dag.py', 'processor_subdir': '/data/dev/bid-price-analysis/api-fetcher/scheduler/dags', 'msg': "{'DAG Id': 'collect_bid_data_daily', 'Task Id': 'collect_company_data', 'Run Id': 'scheduled__2025-11-10T02:00:00+00:00', 'Hostname': 'gf-consultant-data-server'}", 'simple_task_instance': SimpleTaskInstance(dag_id='collect_bid_data_daily', task_id='collect_company_data', run_id='scheduled__2025-11-10T02:00:00+00:00', map_index=-1, start_date=datetime.datetime(2025, 11, 11, 2, 28, 3, 333307, tzinfo=Timezone('UTC')), end_date=None, try_number=1, state='running', executor=None, executor_config={}, run_as_user=None, pool='default_pool', priority_weight=2, queue='default', key=TaskInstanceKey(dag_id='collect_bid_data_daily', task_id='collect_company_data', run_id='scheduled__2025-11-10T02:00:00+00:00', try_number=1, map_index=-1)), 'task_callback_type': None} (See https://airflow.apache.org/docs/apache-airflow/stable/core-concepts/tasks.html#zombie-undead-tasks)
[2025-11-11T11:28:09.945+0900] {scheduler_job_runner.py:776} INFO - Received executor event with state failed for task instance TaskInstanceKey(dag_id='collect_bid_data_daily', task_id='collect_notice_data', run_id='scheduled__2025-11-10T02:00:00+00:00', try_number=1, map_index=-1)
[2025-11-11T11:28:09.945+0900] {scheduler_job_runner.py:776} INFO - Received executor event with state failed for task instance TaskInstanceKey(dag_id='collect_bid_data_daily', task_id='collect_bid_data', run_id='scheduled__2025-11-10T02:00:00+00:00', try_number=1, map_index=-1)
[2025-11-11T11:28:09.945+0900] {scheduler_job_runner.py:776} INFO - Received executor event with state failed for task instance TaskInstanceKey(dag_id='collect_bid_data_daily', task_id='collect_company_data', run_id='scheduled__2025-11-10T02:00:00+00:00', try_number=1, map_index=-1)
[2025-11-11T11:28:09.947+0900] {scheduler_job_runner.py:813} INFO - TaskInstance Finished: dag_id=collect_bid_data_daily, task_id=collect_bid_data, run_id=scheduled__2025-11-10T02:00:00+00:00, map_index=-1, run_start_date=2025-11-11 02:28:06.758822+00:00, run_end_date=None, run_duration=None, state=running, executor=SequentialExecutor(parallelism=32), executor_state=failed, try_number=1, max_tries=2, job_id=5, pool=default_pool, queue=default, priority_weight=1, operator=PythonOperator, queued_dttm=2025-11-11 02:27:58.867384+00:00, queued_by_job_id=2, pid=3252581
[2025-11-11T11:28:09.947+0900] {scheduler_job_runner.py:813} INFO - TaskInstance Finished: dag_id=collect_bid_data_daily, task_id=collect_company_data, run_id=scheduled__2025-11-10T02:00:00+00:00, map_index=-1, run_start_date=2025-11-11 02:28:03.333307+00:00, run_end_date=None, run_duration=None, state=running, executor=SequentialExecutor(parallelism=32), executor_state=failed, try_number=1, max_tries=2, job_id=4, pool=default_pool, queue=default, priority_weight=2, operator=PythonOperator, queued_dttm=2025-11-11 02:27:58.867384+00:00, queued_by_job_id=2, pid=3252410
[2025-11-11T11:28:09.947+0900] {scheduler_job_runner.py:813} INFO - TaskInstance Finished: dag_id=collect_bid_data_daily, task_id=collect_notice_data, run_id=scheduled__2025-11-10T02:00:00+00:00, map_index=-1, run_start_date=2025-11-11 02:28:00.034090+00:00, run_end_date=2025-11-11 02:28:09.459056+00:00, run_duration=9.424966, state=up_for_retry, executor=SequentialExecutor(parallelism=32), executor_state=failed, try_number=1, max_tries=2, job_id=3, pool=default_pool, queue=default, priority_weight=3, operator=PythonOperator, queued_dttm=2025-11-11 02:27:58.867384+00:00, queued_by_job_id=2, pid=3252256
[2025-11-11T11:28:16.072+0900] {scheduler_job_runner.py:435} INFO - 3 tasks up for execution:
	<TaskInstance: collect_bid_data_daily.collect_notice_data manual__2025-11-11T00:00:00+00:00 [scheduled]>
	<TaskInstance: collect_bid_data_daily.collect_company_data manual__2025-11-11T00:00:00+00:00 [scheduled]>
	<TaskInstance: collect_bid_data_daily.collect_bid_data manual__2025-11-11T00:00:00+00:00 [scheduled]>
[2025-11-11T11:28:16.072+0900] {scheduler_job_runner.py:507} INFO - DAG collect_bid_data_daily has 0/16 running and queued tasks
[2025-11-11T11:28:16.072+0900] {scheduler_job_runner.py:507} INFO - DAG collect_bid_data_daily has 1/16 running and queued tasks
[2025-11-11T11:28:16.072+0900] {scheduler_job_runner.py:507} INFO - DAG collect_bid_data_daily has 2/16 running and queued tasks
[2025-11-11T11:28:16.073+0900] {scheduler_job_runner.py:646} INFO - Setting the following tasks to queued state:
	<TaskInstance: collect_bid_data_daily.collect_notice_data manual__2025-11-11T00:00:00+00:00 [scheduled]>
	<TaskInstance: collect_bid_data_daily.collect_company_data manual__2025-11-11T00:00:00+00:00 [scheduled]>
	<TaskInstance: collect_bid_data_daily.collect_bid_data manual__2025-11-11T00:00:00+00:00 [scheduled]>
[2025-11-11T11:28:16.073+0900] {scheduler_job_runner.py:748} INFO - Trying to enqueue tasks: [<TaskInstance: collect_bid_data_daily.collect_notice_data manual__2025-11-11T00:00:00+00:00 [scheduled]>, <TaskInstance: collect_bid_data_daily.collect_company_data manual__2025-11-11T00:00:00+00:00 [scheduled]>, <TaskInstance: collect_bid_data_daily.collect_bid_data manual__2025-11-11T00:00:00+00:00 [scheduled]>] for executor: SequentialExecutor(parallelism=32)
[2025-11-11T11:28:16.074+0900] {scheduler_job_runner.py:692} INFO - Sending TaskInstanceKey(dag_id='collect_bid_data_daily', task_id='collect_notice_data', run_id='manual__2025-11-11T00:00:00+00:00', try_number=1, map_index=-1) to SequentialExecutor with priority 3 and queue default
[2025-11-11T11:28:16.074+0900] {base_executor.py:169} INFO - Adding to queue: ['airflow', 'tasks', 'run', 'collect_bid_data_daily', 'collect_notice_data', 'manual__2025-11-11T00:00:00+00:00', '--local', '--subdir', 'DAGS_FOLDER/data_collection_dag.py']
[2025-11-11T11:28:16.074+0900] {scheduler_job_runner.py:692} INFO - Sending TaskInstanceKey(dag_id='collect_bid_data_daily', task_id='collect_company_data', run_id='manual__2025-11-11T00:00:00+00:00', try_number=1, map_index=-1) to SequentialExecutor with priority 2 and queue default
[2025-11-11T11:28:16.074+0900] {base_executor.py:169} INFO - Adding to queue: ['airflow', 'tasks', 'run', 'collect_bid_data_daily', 'collect_company_data', 'manual__2025-11-11T00:00:00+00:00', '--local', '--subdir', 'DAGS_FOLDER/data_collection_dag.py']
[2025-11-11T11:28:16.074+0900] {scheduler_job_runner.py:692} INFO - Sending TaskInstanceKey(dag_id='collect_bid_data_daily', task_id='collect_bid_data', run_id='manual__2025-11-11T00:00:00+00:00', try_number=1, map_index=-1) to SequentialExecutor with priority 1 and queue default
[2025-11-11T11:28:16.074+0900] {base_executor.py:169} INFO - Adding to queue: ['airflow', 'tasks', 'run', 'collect_bid_data_daily', 'collect_bid_data', 'manual__2025-11-11T00:00:00+00:00', '--local', '--subdir', 'DAGS_FOLDER/data_collection_dag.py']
[2025-11-11T11:28:16.232+0900] {sequential_executor.py:84} INFO - Executing command: ['airflow', 'tasks', 'run', 'collect_bid_data_daily', 'collect_notice_data', 'manual__2025-11-11T00:00:00+00:00', '--local', '--subdir', 'DAGS_FOLDER/data_collection_dag.py']
[2025-11-11T11:28:16.974+0900] {dagbag.py:588} INFO - Filling up the DagBag from /data/dev/bid-price-analysis/api-fetcher/scheduler/dags/data_collection_dag.py
[2025-11-11T11:28:17.124+0900] {task_command.py:467} INFO - Running <TaskInstance: collect_bid_data_daily.collect_notice_data manual__2025-11-11T00:00:00+00:00 [queued]> on host gf-consultant-data-server
[2025-11-11T11:28:19.632+0900] {sequential_executor.py:84} INFO - Executing command: ['airflow', 'tasks', 'run', 'collect_bid_data_daily', 'collect_company_data', 'manual__2025-11-11T00:00:00+00:00', '--local', '--subdir', 'DAGS_FOLDER/data_collection_dag.py']
[2025-11-11T11:28:20.445+0900] {dagbag.py:588} INFO - Filling up the DagBag from /data/dev/bid-price-analysis/api-fetcher/scheduler/dags/data_collection_dag.py
[2025-11-11T11:28:20.588+0900] {task_command.py:467} INFO - Running <TaskInstance: collect_bid_data_daily.collect_company_data manual__2025-11-11T00:00:00+00:00 [queued]> on host gf-consultant-data-server
[2025-11-11T11:28:22.878+0900] {sequential_executor.py:84} INFO - Executing command: ['airflow', 'tasks', 'run', 'collect_bid_data_daily', 'collect_bid_data', 'manual__2025-11-11T00:00:00+00:00', '--local', '--subdir', 'DAGS_FOLDER/data_collection_dag.py']
[2025-11-11T11:28:23.656+0900] {dagbag.py:588} INFO - Filling up the DagBag from /data/dev/bid-price-analysis/api-fetcher/scheduler/dags/data_collection_dag.py
[2025-11-11T11:28:23.800+0900] {task_command.py:467} INFO - Running <TaskInstance: collect_bid_data_daily.collect_bid_data manual__2025-11-11T00:00:00+00:00 [success]> on host gf-consultant-data-server
[2025-11-11T11:28:24.314+0900] {scheduler_job_runner.py:776} INFO - Received executor event with state success for task instance TaskInstanceKey(dag_id='collect_bid_data_daily', task_id='collect_notice_data', run_id='manual__2025-11-11T00:00:00+00:00', try_number=1, map_index=-1)
[2025-11-11T11:28:24.315+0900] {scheduler_job_runner.py:776} INFO - Received executor event with state success for task instance TaskInstanceKey(dag_id='collect_bid_data_daily', task_id='collect_company_data', run_id='manual__2025-11-11T00:00:00+00:00', try_number=1, map_index=-1)
[2025-11-11T11:28:24.315+0900] {scheduler_job_runner.py:776} INFO - Received executor event with state success for task instance TaskInstanceKey(dag_id='collect_bid_data_daily', task_id='collect_bid_data', run_id='manual__2025-11-11T00:00:00+00:00', try_number=1, map_index=-1)
[2025-11-11T11:28:24.317+0900] {scheduler_job_runner.py:813} INFO - TaskInstance Finished: dag_id=collect_bid_data_daily, task_id=collect_bid_data, run_id=manual__2025-11-11T00:00:00+00:00, map_index=-1, run_start_date=None, run_end_date=2025-11-11 02:28:17.989261+00:00, run_duration=None, state=success, executor=SequentialExecutor(parallelism=32), executor_state=success, try_number=1, max_tries=2, job_id=None, pool=default_pool, queue=default, priority_weight=1, operator=PythonOperator, queued_dttm=2025-11-11 02:28:16.073348+00:00, queued_by_job_id=2, pid=3252799
[2025-11-11T11:28:24.317+0900] {scheduler_job_runner.py:813} INFO - TaskInstance Finished: dag_id=collect_bid_data_daily, task_id=collect_company_data, run_id=manual__2025-11-11T00:00:00+00:00, map_index=-1, run_start_date=2025-11-11 02:28:20.755466+00:00, run_end_date=None, run_duration=None, state=running, executor=SequentialExecutor(parallelism=32), executor_state=success, try_number=1, max_tries=2, job_id=7, pool=default_pool, queue=default, priority_weight=2, operator=PythonOperator, queued_dttm=2025-11-11 02:28:16.073348+00:00, queued_by_job_id=2, pid=3253111
[2025-11-11T11:28:24.317+0900] {scheduler_job_runner.py:813} INFO - TaskInstance Finished: dag_id=collect_bid_data_daily, task_id=collect_notice_data, run_id=manual__2025-11-11T00:00:00+00:00, map_index=-1, run_start_date=2025-11-11 02:28:17.279084+00:00, run_end_date=2025-11-11 02:28:19.761902+00:00, run_duration=2.482818, state=success, executor=SequentialExecutor(parallelism=32), executor_state=success, try_number=1, max_tries=2, job_id=None, pool=default_pool, queue=default, priority_weight=3, operator=PythonOperator, queued_dttm=2025-11-11 02:28:16.073348+00:00, queued_by_job_id=2, pid=3252799
[2025-11-11T11:28:24.481+0900] {scheduler_job_runner.py:2086} WARNING - Failing (1) jobs without heartbeat after 2025-11-11 02:23:24.476410+00:00
[2025-11-11T11:28:24.482+0900] {scheduler_job_runner.py:2110} ERROR - Detected zombie job: {'full_filepath': '/data/dev/bid-price-analysis/api-fetcher/scheduler/dags/data_collection_dag.py', 'processor_subdir': '/data/dev/bid-price-analysis/api-fetcher/scheduler/dags', 'msg': "{'DAG Id': 'collect_bid_data_daily', 'Task Id': 'collect_company_data', 'Run Id': 'manual__2025-11-11T00:00:00+00:00', 'Hostname': 'gf-consultant-data-server'}", 'simple_task_instance': SimpleTaskInstance(dag_id='collect_bid_data_daily', task_id='collect_company_data', run_id='manual__2025-11-11T00:00:00+00:00', map_index=-1, start_date=datetime.datetime(2025, 11, 11, 2, 28, 20, 755466, tzinfo=Timezone('UTC')), end_date=None, try_number=1, state='running', executor=None, executor_config={}, run_as_user=None, pool='default_pool', priority_weight=2, queue='default', key=TaskInstanceKey(dag_id='collect_bid_data_daily', task_id='collect_company_data', run_id='manual__2025-11-11T00:00:00+00:00', try_number=1, map_index=-1)), 'task_callback_type': None} (See https://airflow.apache.org/docs/apache-airflow/stable/core-concepts/tasks.html#zombie-undead-tasks)
[2025-11-11T11:28:25.223+0900] {scheduler_job_runner.py:435} INFO - 1 tasks up for execution:
	<TaskInstance: collect_bid_data_daily.collect_bssamt_data manual__2025-11-11T00:00:00+00:00 [scheduled]>
[2025-11-11T11:28:25.223+0900] {scheduler_job_runner.py:507} INFO - DAG collect_bid_data_daily has 0/16 running and queued tasks
[2025-11-11T11:28:25.223+0900] {scheduler_job_runner.py:646} INFO - Setting the following tasks to queued state:
	<TaskInstance: collect_bid_data_daily.collect_bssamt_data manual__2025-11-11T00:00:00+00:00 [scheduled]>
[2025-11-11T11:28:25.224+0900] {scheduler_job_runner.py:748} INFO - Trying to enqueue tasks: [<TaskInstance: collect_bid_data_daily.collect_bssamt_data manual__2025-11-11T00:00:00+00:00 [scheduled]>] for executor: SequentialExecutor(parallelism=32)
[2025-11-11T11:28:25.224+0900] {scheduler_job_runner.py:692} INFO - Sending TaskInstanceKey(dag_id='collect_bid_data_daily', task_id='collect_bssamt_data', run_id='manual__2025-11-11T00:00:00+00:00', try_number=1, map_index=-1) to SequentialExecutor with priority 2 and queue default
[2025-11-11T11:28:25.224+0900] {base_executor.py:169} INFO - Adding to queue: ['airflow', 'tasks', 'run', 'collect_bid_data_daily', 'collect_bssamt_data', 'manual__2025-11-11T00:00:00+00:00', '--local', '--subdir', 'DAGS_FOLDER/data_collection_dag.py']
[2025-11-11T11:28:25.331+0900] {sequential_executor.py:84} INFO - Executing command: ['airflow', 'tasks', 'run', 'collect_bid_data_daily', 'collect_bssamt_data', 'manual__2025-11-11T00:00:00+00:00', '--local', '--subdir', 'DAGS_FOLDER/data_collection_dag.py']
[2025-11-11T11:28:26.112+0900] {dagbag.py:588} INFO - Filling up the DagBag from /data/dev/bid-price-analysis/api-fetcher/scheduler/dags/data_collection_dag.py
[2025-11-11T11:28:26.257+0900] {task_command.py:467} INFO - Running <TaskInstance: collect_bid_data_daily.collect_bssamt_data manual__2025-11-11T00:00:00+00:00 [queued]> on host gf-consultant-data-server
[2025-11-11T11:28:28.749+0900] {scheduler_job_runner.py:776} INFO - Received executor event with state failed for task instance TaskInstanceKey(dag_id='collect_bid_data_daily', task_id='collect_company_data', run_id='manual__2025-11-11T00:00:00+00:00', try_number=1, map_index=-1)
[2025-11-11T11:28:28.749+0900] {scheduler_job_runner.py:776} INFO - Received executor event with state success for task instance TaskInstanceKey(dag_id='collect_bid_data_daily', task_id='collect_bssamt_data', run_id='manual__2025-11-11T00:00:00+00:00', try_number=1, map_index=-1)
[2025-11-11T11:28:28.752+0900] {scheduler_job_runner.py:813} INFO - TaskInstance Finished: dag_id=collect_bid_data_daily, task_id=collect_bssamt_data, run_id=manual__2025-11-11T00:00:00+00:00, map_index=-1, run_start_date=2025-11-11 02:28:26.402391+00:00, run_end_date=None, run_duration=None, state=running, executor=SequentialExecutor(parallelism=32), executor_state=success, try_number=1, max_tries=2, job_id=9, pool=default_pool, queue=default, priority_weight=2, operator=PythonOperator, queued_dttm=2025-11-11 02:28:25.224077+00:00, queued_by_job_id=2, pid=3253323
[2025-11-11T11:28:28.753+0900] {scheduler_job_runner.py:813} INFO - TaskInstance Finished: dag_id=collect_bid_data_daily, task_id=collect_company_data, run_id=manual__2025-11-11T00:00:00+00:00, map_index=-1, run_start_date=2025-11-11 02:28:20.755466+00:00, run_end_date=2025-11-11 02:28:24.789314+00:00, run_duration=4.033848, state=up_for_retry, executor=SequentialExecutor(parallelism=32), executor_state=failed, try_number=1, max_tries=2, job_id=7, pool=default_pool, queue=default, priority_weight=2, operator=PythonOperator, queued_dttm=2025-11-11 02:28:16.073348+00:00, queued_by_job_id=2, pid=3253111
[2025-11-11T11:28:32.202+0900] {scheduler_job_runner.py:435} INFO - 1 tasks up for execution:
	<TaskInstance: collect_bid_data_daily.collect_company_industry_data manual__2025-11-11T00:00:00+00:00 [scheduled]>
[2025-11-11T11:28:32.203+0900] {scheduler_job_runner.py:507} INFO - DAG collect_bid_data_daily has 1/16 running and queued tasks
[2025-11-11T11:28:32.203+0900] {scheduler_job_runner.py:646} INFO - Setting the following tasks to queued state:
	<TaskInstance: collect_bid_data_daily.collect_company_industry_data manual__2025-11-11T00:00:00+00:00 [scheduled]>
[2025-11-11T11:28:32.204+0900] {scheduler_job_runner.py:748} INFO - Trying to enqueue tasks: [<TaskInstance: collect_bid_data_daily.collect_company_industry_data manual__2025-11-11T00:00:00+00:00 [scheduled]>] for executor: SequentialExecutor(parallelism=32)
[2025-11-11T11:28:32.204+0900] {scheduler_job_runner.py:692} INFO - Sending TaskInstanceKey(dag_id='collect_bid_data_daily', task_id='collect_company_industry_data', run_id='manual__2025-11-11T00:00:00+00:00', try_number=1, map_index=-1) to SequentialExecutor with priority 1 and queue default
[2025-11-11T11:28:32.205+0900] {base_executor.py:169} INFO - Adding to queue: ['airflow', 'tasks', 'run', 'collect_bid_data_daily', 'collect_company_industry_data', 'manual__2025-11-11T00:00:00+00:00', '--local', '--subdir', 'DAGS_FOLDER/data_collection_dag.py']
[2025-11-11T11:28:32.342+0900] {sequential_executor.py:84} INFO - Executing command: ['airflow', 'tasks', 'run', 'collect_bid_data_daily', 'collect_company_industry_data', 'manual__2025-11-11T00:00:00+00:00', '--local', '--subdir', 'DAGS_FOLDER/data_collection_dag.py']
[2025-11-11T11:28:33.095+0900] {dagbag.py:588} INFO - Filling up the DagBag from /data/dev/bid-price-analysis/api-fetcher/scheduler/dags/data_collection_dag.py
[2025-11-11T11:28:33.231+0900] {task_command.py:467} INFO - Running <TaskInstance: collect_bid_data_daily.collect_company_industry_data manual__2025-11-11T00:00:00+00:00 [queued]> on host gf-consultant-data-server
[2025-11-11T11:28:35.473+0900] {scheduler_job_runner.py:776} INFO - Received executor event with state success for task instance TaskInstanceKey(dag_id='collect_bid_data_daily', task_id='collect_company_industry_data', run_id='manual__2025-11-11T00:00:00+00:00', try_number=1, map_index=-1)
[2025-11-11T11:28:35.475+0900] {scheduler_job_runner.py:813} INFO - TaskInstance Finished: dag_id=collect_bid_data_daily, task_id=collect_company_industry_data, run_id=manual__2025-11-11T00:00:00+00:00, map_index=-1, run_start_date=2025-11-11 02:28:33.390953+00:00, run_end_date=None, run_duration=None, state=running, executor=SequentialExecutor(parallelism=32), executor_state=success, try_number=1, max_tries=2, job_id=10, pool=default_pool, queue=default, priority_weight=1, operator=PythonOperator, queued_dttm=2025-11-11 02:28:32.203909+00:00, queued_by_job_id=2, pid=3253543
[2025-11-11T11:28:35.628+0900] {scheduler_job_runner.py:2086} WARNING - Failing (2) jobs without heartbeat after 2025-11-11 02:23:35.624021+00:00
[2025-11-11T11:28:35.629+0900] {scheduler_job_runner.py:2110} ERROR - Detected zombie job: {'full_filepath': '/data/dev/bid-price-analysis/api-fetcher/scheduler/dags/data_collection_dag.py', 'processor_subdir': '/data/dev/bid-price-analysis/api-fetcher/scheduler/dags', 'msg': "{'DAG Id': 'collect_bid_data_daily', 'Task Id': 'collect_bssamt_data', 'Run Id': 'manual__2025-11-11T00:00:00+00:00', 'Hostname': 'gf-consultant-data-server'}", 'simple_task_instance': SimpleTaskInstance(dag_id='collect_bid_data_daily', task_id='collect_bssamt_data', run_id='manual__2025-11-11T00:00:00+00:00', map_index=-1, start_date=datetime.datetime(2025, 11, 11, 2, 28, 26, 402391, tzinfo=Timezone('UTC')), end_date=None, try_number=1, state='running', executor=None, executor_config={}, run_as_user=None, pool='default_pool', priority_weight=2, queue='default', key=TaskInstanceKey(dag_id='collect_bid_data_daily', task_id='collect_bssamt_data', run_id='manual__2025-11-11T00:00:00+00:00', try_number=1, map_index=-1)), 'task_callback_type': None} (See https://airflow.apache.org/docs/apache-airflow/stable/core-concepts/tasks.html#zombie-undead-tasks)
[2025-11-11T11:28:35.630+0900] {scheduler_job_runner.py:2110} ERROR - Detected zombie job: {'full_filepath': '/data/dev/bid-price-analysis/api-fetcher/scheduler/dags/data_collection_dag.py', 'processor_subdir': '/data/dev/bid-price-analysis/api-fetcher/scheduler/dags', 'msg': "{'DAG Id': 'collect_bid_data_daily', 'Task Id': 'collect_company_industry_data', 'Run Id': 'manual__2025-11-11T00:00:00+00:00', 'Hostname': 'gf-consultant-data-server'}", 'simple_task_instance': SimpleTaskInstance(dag_id='collect_bid_data_daily', task_id='collect_company_industry_data', run_id='manual__2025-11-11T00:00:00+00:00', map_index=-1, start_date=datetime.datetime(2025, 11, 11, 2, 28, 33, 390953, tzinfo=Timezone('UTC')), end_date=None, try_number=1, state='running', executor=None, executor_config={}, run_as_user=None, pool='default_pool', priority_weight=1, queue='default', key=TaskInstanceKey(dag_id='collect_bid_data_daily', task_id='collect_company_industry_data', run_id='manual__2025-11-11T00:00:00+00:00', try_number=1, map_index=-1)), 'task_callback_type': None} (See https://airflow.apache.org/docs/apache-airflow/stable/core-concepts/tasks.html#zombie-undead-tasks)
[2025-11-11T11:28:36.505+0900] {scheduler_job_runner.py:776} INFO - Received executor event with state failed for task instance TaskInstanceKey(dag_id='collect_bid_data_daily', task_id='collect_bssamt_data', run_id='manual__2025-11-11T00:00:00+00:00', try_number=1, map_index=-1)
[2025-11-11T11:28:36.505+0900] {scheduler_job_runner.py:776} INFO - Received executor event with state failed for task instance TaskInstanceKey(dag_id='collect_bid_data_daily', task_id='collect_company_industry_data', run_id='manual__2025-11-11T00:00:00+00:00', try_number=1, map_index=-1)
[2025-11-11T11:28:36.506+0900] {scheduler_job_runner.py:813} INFO - TaskInstance Finished: dag_id=collect_bid_data_daily, task_id=collect_bssamt_data, run_id=manual__2025-11-11T00:00:00+00:00, map_index=-1, run_start_date=2025-11-11 02:28:26.402391+00:00, run_end_date=2025-11-11 02:28:35.967171+00:00, run_duration=9.56478, state=up_for_retry, executor=SequentialExecutor(parallelism=32), executor_state=failed, try_number=1, max_tries=2, job_id=9, pool=default_pool, queue=default, priority_weight=2, operator=PythonOperator, queued_dttm=2025-11-11 02:28:25.224077+00:00, queued_by_job_id=2, pid=3253323
[2025-11-11T11:28:36.507+0900] {scheduler_job_runner.py:813} INFO - TaskInstance Finished: dag_id=collect_bid_data_daily, task_id=collect_company_industry_data, run_id=manual__2025-11-11T00:00:00+00:00, map_index=-1, run_start_date=2025-11-11 02:28:33.390953+00:00, run_end_date=None, run_duration=None, state=running, executor=SequentialExecutor(parallelism=32), executor_state=failed, try_number=1, max_tries=2, job_id=10, pool=default_pool, queue=default, priority_weight=1, operator=PythonOperator, queued_dttm=2025-11-11 02:28:32.203909+00:00, queued_by_job_id=2, pid=3253543
[2025-11-11T11:31:42.213+0900] {scheduler_job_runner.py:1949} INFO - Adopting or resetting orphaned tasks for active dag runs
[2025-11-11T11:31:42.217+0900] {scheduler_job_runner.py:1972} INFO - Marked 1 SchedulerJob instances as failed
[2025-11-11T11:33:10.206+0900] {scheduler_job_runner.py:435} INFO - 2 tasks up for execution:
	<TaskInstance: collect_bid_data_daily.collect_notice_data scheduled__2025-11-10T02:00:00+00:00 [scheduled]>
	<TaskInstance: collect_bid_data_daily.collect_bid_data scheduled__2025-11-10T02:00:00+00:00 [scheduled]>
[2025-11-11T11:33:10.206+0900] {scheduler_job_runner.py:507} INFO - DAG collect_bid_data_daily has 0/16 running and queued tasks
[2025-11-11T11:33:10.206+0900] {scheduler_job_runner.py:507} INFO - DAG collect_bid_data_daily has 1/16 running and queued tasks
[2025-11-11T11:33:10.206+0900] {scheduler_job_runner.py:646} INFO - Setting the following tasks to queued state:
	<TaskInstance: collect_bid_data_daily.collect_notice_data scheduled__2025-11-10T02:00:00+00:00 [scheduled]>
	<TaskInstance: collect_bid_data_daily.collect_bid_data scheduled__2025-11-10T02:00:00+00:00 [scheduled]>
[2025-11-11T11:33:10.207+0900] {scheduler_job_runner.py:748} INFO - Trying to enqueue tasks: [<TaskInstance: collect_bid_data_daily.collect_notice_data scheduled__2025-11-10T02:00:00+00:00 [scheduled]>, <TaskInstance: collect_bid_data_daily.collect_bid_data scheduled__2025-11-10T02:00:00+00:00 [scheduled]>] for executor: SequentialExecutor(parallelism=32)
[2025-11-11T11:33:10.207+0900] {scheduler_job_runner.py:692} INFO - Sending TaskInstanceKey(dag_id='collect_bid_data_daily', task_id='collect_notice_data', run_id='scheduled__2025-11-10T02:00:00+00:00', try_number=2, map_index=-1) to SequentialExecutor with priority 3 and queue default
[2025-11-11T11:33:10.207+0900] {base_executor.py:169} INFO - Adding to queue: ['airflow', 'tasks', 'run', 'collect_bid_data_daily', 'collect_notice_data', 'scheduled__2025-11-10T02:00:00+00:00', '--local', '--subdir', 'DAGS_FOLDER/data_collection_dag.py']
[2025-11-11T11:33:10.207+0900] {scheduler_job_runner.py:692} INFO - Sending TaskInstanceKey(dag_id='collect_bid_data_daily', task_id='collect_bid_data', run_id='scheduled__2025-11-10T02:00:00+00:00', try_number=2, map_index=-1) to SequentialExecutor with priority 1 and queue default
[2025-11-11T11:33:10.207+0900] {base_executor.py:169} INFO - Adding to queue: ['airflow', 'tasks', 'run', 'collect_bid_data_daily', 'collect_bid_data', 'scheduled__2025-11-10T02:00:00+00:00', '--local', '--subdir', 'DAGS_FOLDER/data_collection_dag.py']
[2025-11-11T11:33:10.348+0900] {sequential_executor.py:84} INFO - Executing command: ['airflow', 'tasks', 'run', 'collect_bid_data_daily', 'collect_notice_data', 'scheduled__2025-11-10T02:00:00+00:00', '--local', '--subdir', 'DAGS_FOLDER/data_collection_dag.py']
[2025-11-11T11:33:11.132+0900] {dagbag.py:588} INFO - Filling up the DagBag from /data/dev/bid-price-analysis/api-fetcher/scheduler/dags/data_collection_dag.py
[2025-11-11T11:33:11.267+0900] {task_command.py:467} INFO - Running <TaskInstance: collect_bid_data_daily.collect_notice_data scheduled__2025-11-10T02:00:00+00:00 [queued]> on host gf-consultant-data-server
[2025-11-11T11:33:13.563+0900] {sequential_executor.py:84} INFO - Executing command: ['airflow', 'tasks', 'run', 'collect_bid_data_daily', 'collect_bid_data', 'scheduled__2025-11-10T02:00:00+00:00', '--local', '--subdir', 'DAGS_FOLDER/data_collection_dag.py']
[2025-11-11T11:33:14.300+0900] {dagbag.py:588} INFO - Filling up the DagBag from /data/dev/bid-price-analysis/api-fetcher/scheduler/dags/data_collection_dag.py
[2025-11-11T11:33:14.439+0900] {task_command.py:467} INFO - Running <TaskInstance: collect_bid_data_daily.collect_bid_data scheduled__2025-11-10T02:00:00+00:00 [queued]> on host gf-consultant-data-server
[2025-11-11T11:33:16.697+0900] {scheduler_job_runner.py:776} INFO - Received executor event with state success for task instance TaskInstanceKey(dag_id='collect_bid_data_daily', task_id='collect_notice_data', run_id='scheduled__2025-11-10T02:00:00+00:00', try_number=2, map_index=-1)
[2025-11-11T11:33:16.698+0900] {scheduler_job_runner.py:776} INFO - Received executor event with state success for task instance TaskInstanceKey(dag_id='collect_bid_data_daily', task_id='collect_bid_data', run_id='scheduled__2025-11-10T02:00:00+00:00', try_number=2, map_index=-1)
[2025-11-11T11:33:16.700+0900] {scheduler_job_runner.py:813} INFO - TaskInstance Finished: dag_id=collect_bid_data_daily, task_id=collect_bid_data, run_id=scheduled__2025-11-10T02:00:00+00:00, map_index=-1, run_start_date=2025-11-11 02:33:14.606224+00:00, run_end_date=None, run_duration=3.193482, state=running, executor=SequentialExecutor(parallelism=32), executor_state=success, try_number=2, max_tries=2, job_id=12, pool=default_pool, queue=default, priority_weight=1, operator=PythonOperator, queued_dttm=2025-11-11 02:33:10.206833+00:00, queued_by_job_id=2, pid=3261657
[2025-11-11T11:33:16.700+0900] {scheduler_job_runner.py:813} INFO - TaskInstance Finished: dag_id=collect_bid_data_daily, task_id=collect_notice_data, run_id=scheduled__2025-11-10T02:00:00+00:00, map_index=-1, run_start_date=2025-11-11 02:33:11.450536+00:00, run_end_date=None, run_duration=9.424966, state=running, executor=SequentialExecutor(parallelism=32), executor_state=success, try_number=2, max_tries=2, job_id=11, pool=default_pool, queue=default, priority_weight=3, operator=PythonOperator, queued_dttm=2025-11-11 02:33:10.206833+00:00, queued_by_job_id=2, pid=3261551
[2025-11-11T11:33:16.868+0900] {scheduler_job_runner.py:2086} WARNING - Failing (2) jobs without heartbeat after 2025-11-11 02:28:16.867633+00:00
[2025-11-11T11:33:16.869+0900] {scheduler_job_runner.py:2110} ERROR - Detected zombie job: {'full_filepath': '/data/dev/bid-price-analysis/api-fetcher/scheduler/dags/data_collection_dag.py', 'processor_subdir': '/data/dev/bid-price-analysis/api-fetcher/scheduler/dags', 'msg': "{'DAG Id': 'collect_bid_data_daily', 'Task Id': 'collect_notice_data', 'Run Id': 'scheduled__2025-11-10T02:00:00+00:00', 'Hostname': 'gf-consultant-data-server'}", 'simple_task_instance': SimpleTaskInstance(dag_id='collect_bid_data_daily', task_id='collect_notice_data', run_id='scheduled__2025-11-10T02:00:00+00:00', map_index=-1, start_date=datetime.datetime(2025, 11, 11, 2, 33, 11, 450536, tzinfo=Timezone('UTC')), end_date=None, try_number=2, state='running', executor=None, executor_config={}, run_as_user=None, pool='default_pool', priority_weight=3, queue='default', key=TaskInstanceKey(dag_id='collect_bid_data_daily', task_id='collect_notice_data', run_id='scheduled__2025-11-10T02:00:00+00:00', try_number=2, map_index=-1)), 'task_callback_type': None} (See https://airflow.apache.org/docs/apache-airflow/stable/core-concepts/tasks.html#zombie-undead-tasks)
[2025-11-11T11:33:16.869+0900] {scheduler_job_runner.py:2110} ERROR - Detected zombie job: {'full_filepath': '/data/dev/bid-price-analysis/api-fetcher/scheduler/dags/data_collection_dag.py', 'processor_subdir': '/data/dev/bid-price-analysis/api-fetcher/scheduler/dags', 'msg': "{'DAG Id': 'collect_bid_data_daily', 'Task Id': 'collect_bid_data', 'Run Id': 'scheduled__2025-11-10T02:00:00+00:00', 'Hostname': 'gf-consultant-data-server'}", 'simple_task_instance': SimpleTaskInstance(dag_id='collect_bid_data_daily', task_id='collect_bid_data', run_id='scheduled__2025-11-10T02:00:00+00:00', map_index=-1, start_date=datetime.datetime(2025, 11, 11, 2, 33, 14, 606224, tzinfo=Timezone('UTC')), end_date=None, try_number=2, state='running', executor=None, executor_config={}, run_as_user=None, pool='default_pool', priority_weight=1, queue='default', key=TaskInstanceKey(dag_id='collect_bid_data_daily', task_id='collect_bid_data', run_id='scheduled__2025-11-10T02:00:00+00:00', try_number=2, map_index=-1)), 'task_callback_type': None} (See https://airflow.apache.org/docs/apache-airflow/stable/core-concepts/tasks.html#zombie-undead-tasks)
[2025-11-11T11:33:17.978+0900] {scheduler_job_runner.py:435} INFO - 1 tasks up for execution:
	<TaskInstance: collect_bid_data_daily.collect_company_data scheduled__2025-11-10T02:00:00+00:00 [scheduled]>
[2025-11-11T11:33:17.978+0900] {scheduler_job_runner.py:507} INFO - DAG collect_bid_data_daily has 1/16 running and queued tasks
[2025-11-11T11:33:17.978+0900] {scheduler_job_runner.py:646} INFO - Setting the following tasks to queued state:
	<TaskInstance: collect_bid_data_daily.collect_company_data scheduled__2025-11-10T02:00:00+00:00 [scheduled]>
[2025-11-11T11:33:17.980+0900] {scheduler_job_runner.py:748} INFO - Trying to enqueue tasks: [<TaskInstance: collect_bid_data_daily.collect_company_data scheduled__2025-11-10T02:00:00+00:00 [scheduled]>] for executor: SequentialExecutor(parallelism=32)
[2025-11-11T11:33:17.980+0900] {scheduler_job_runner.py:692} INFO - Sending TaskInstanceKey(dag_id='collect_bid_data_daily', task_id='collect_company_data', run_id='scheduled__2025-11-10T02:00:00+00:00', try_number=2, map_index=-1) to SequentialExecutor with priority 2 and queue default
[2025-11-11T11:33:17.980+0900] {base_executor.py:169} INFO - Adding to queue: ['airflow', 'tasks', 'run', 'collect_bid_data_daily', 'collect_company_data', 'scheduled__2025-11-10T02:00:00+00:00', '--local', '--subdir', 'DAGS_FOLDER/data_collection_dag.py']
[2025-11-11T11:33:18.148+0900] {sequential_executor.py:84} INFO - Executing command: ['airflow', 'tasks', 'run', 'collect_bid_data_daily', 'collect_company_data', 'scheduled__2025-11-10T02:00:00+00:00', '--local', '--subdir', 'DAGS_FOLDER/data_collection_dag.py']
[2025-11-11T11:33:18.878+0900] {dagbag.py:588} INFO - Filling up the DagBag from /data/dev/bid-price-analysis/api-fetcher/scheduler/dags/data_collection_dag.py
[2025-11-11T11:33:19.016+0900] {task_command.py:467} INFO - Running <TaskInstance: collect_bid_data_daily.collect_company_data scheduled__2025-11-10T02:00:00+00:00 [queued]> on host gf-consultant-data-server
[2025-11-11T11:33:21.225+0900] {scheduler_job_runner.py:776} INFO - Received executor event with state failed for task instance TaskInstanceKey(dag_id='collect_bid_data_daily', task_id='collect_notice_data', run_id='scheduled__2025-11-10T02:00:00+00:00', try_number=2, map_index=-1)
[2025-11-11T11:33:21.225+0900] {scheduler_job_runner.py:776} INFO - Received executor event with state failed for task instance TaskInstanceKey(dag_id='collect_bid_data_daily', task_id='collect_bid_data', run_id='scheduled__2025-11-10T02:00:00+00:00', try_number=2, map_index=-1)
[2025-11-11T11:33:21.225+0900] {scheduler_job_runner.py:776} INFO - Received executor event with state success for task instance TaskInstanceKey(dag_id='collect_bid_data_daily', task_id='collect_company_data', run_id='scheduled__2025-11-10T02:00:00+00:00', try_number=2, map_index=-1)
[2025-11-11T11:33:21.227+0900] {scheduler_job_runner.py:813} INFO - TaskInstance Finished: dag_id=collect_bid_data_daily, task_id=collect_bid_data, run_id=scheduled__2025-11-10T02:00:00+00:00, map_index=-1, run_start_date=2025-11-11 02:33:14.606224+00:00, run_end_date=2025-11-11 02:33:18.237951+00:00, run_duration=3.631727, state=up_for_retry, executor=SequentialExecutor(parallelism=32), executor_state=failed, try_number=2, max_tries=2, job_id=12, pool=default_pool, queue=default, priority_weight=1, operator=PythonOperator, queued_dttm=2025-11-11 02:33:10.206833+00:00, queued_by_job_id=2, pid=3261657
[2025-11-11T11:33:21.228+0900] {scheduler_job_runner.py:813} INFO - TaskInstance Finished: dag_id=collect_bid_data_daily, task_id=collect_company_data, run_id=scheduled__2025-11-10T02:00:00+00:00, map_index=-1, run_start_date=2025-11-11 02:33:19.151074+00:00, run_end_date=None, run_duration=7.229012, state=running, executor=SequentialExecutor(parallelism=32), executor_state=success, try_number=2, max_tries=2, job_id=13, pool=default_pool, queue=default, priority_weight=2, operator=PythonOperator, queued_dttm=2025-11-11 02:33:17.979471+00:00, queued_by_job_id=2, pid=3261808
[2025-11-11T11:33:21.228+0900] {scheduler_job_runner.py:813} INFO - TaskInstance Finished: dag_id=collect_bid_data_daily, task_id=collect_notice_data, run_id=scheduled__2025-11-10T02:00:00+00:00, map_index=-1, run_start_date=2025-11-11 02:33:11.450536+00:00, run_end_date=2025-11-11 02:33:17.232352+00:00, run_duration=5.781816, state=up_for_retry, executor=SequentialExecutor(parallelism=32), executor_state=failed, try_number=2, max_tries=2, job_id=11, pool=default_pool, queue=default, priority_weight=3, operator=PythonOperator, queued_dttm=2025-11-11 02:33:10.206833+00:00, queued_by_job_id=2, pid=3261551
[2025-11-11T11:33:27.349+0900] {scheduler_job_runner.py:2086} WARNING - Failing (1) jobs without heartbeat after 2025-11-11 02:28:27.347591+00:00
[2025-11-11T11:33:27.349+0900] {scheduler_job_runner.py:2110} ERROR - Detected zombie job: {'full_filepath': '/data/dev/bid-price-analysis/api-fetcher/scheduler/dags/data_collection_dag.py', 'processor_subdir': '/data/dev/bid-price-analysis/api-fetcher/scheduler/dags', 'msg': "{'DAG Id': 'collect_bid_data_daily', 'Task Id': 'collect_company_data', 'Run Id': 'scheduled__2025-11-10T02:00:00+00:00', 'Hostname': 'gf-consultant-data-server'}", 'simple_task_instance': SimpleTaskInstance(dag_id='collect_bid_data_daily', task_id='collect_company_data', run_id='scheduled__2025-11-10T02:00:00+00:00', map_index=-1, start_date=datetime.datetime(2025, 11, 11, 2, 33, 19, 151074, tzinfo=Timezone('UTC')), end_date=None, try_number=2, state='running', executor=None, executor_config={}, run_as_user=None, pool='default_pool', priority_weight=2, queue='default', key=TaskInstanceKey(dag_id='collect_bid_data_daily', task_id='collect_company_data', run_id='scheduled__2025-11-10T02:00:00+00:00', try_number=2, map_index=-1)), 'task_callback_type': None} (See https://airflow.apache.org/docs/apache-airflow/stable/core-concepts/tasks.html#zombie-undead-tasks)
[2025-11-11T11:33:28.588+0900] {scheduler_job_runner.py:776} INFO - Received executor event with state failed for task instance TaskInstanceKey(dag_id='collect_bid_data_daily', task_id='collect_company_data', run_id='scheduled__2025-11-10T02:00:00+00:00', try_number=2, map_index=-1)
[2025-11-11T11:33:28.589+0900] {scheduler_job_runner.py:813} INFO - TaskInstance Finished: dag_id=collect_bid_data_daily, task_id=collect_company_data, run_id=scheduled__2025-11-10T02:00:00+00:00, map_index=-1, run_start_date=2025-11-11 02:33:19.151074+00:00, run_end_date=2025-11-11 02:33:27.636359+00:00, run_duration=8.485285, state=up_for_retry, executor=SequentialExecutor(parallelism=32), executor_state=failed, try_number=2, max_tries=2, job_id=13, pool=default_pool, queue=default, priority_weight=2, operator=PythonOperator, queued_dttm=2025-11-11 02:33:17.979471+00:00, queued_by_job_id=2, pid=3261808
[2025-11-11T11:33:36.273+0900] {scheduler_job_runner.py:435} INFO - 1 tasks up for execution:
	<TaskInstance: collect_bid_data_daily.collect_bssamt_data manual__2025-11-11T00:00:00+00:00 [scheduled]>
[2025-11-11T11:33:36.273+0900] {scheduler_job_runner.py:507} INFO - DAG collect_bid_data_daily has 0/16 running and queued tasks
[2025-11-11T11:33:36.273+0900] {scheduler_job_runner.py:646} INFO - Setting the following tasks to queued state:
	<TaskInstance: collect_bid_data_daily.collect_bssamt_data manual__2025-11-11T00:00:00+00:00 [scheduled]>
[2025-11-11T11:33:36.274+0900] {scheduler_job_runner.py:748} INFO - Trying to enqueue tasks: [<TaskInstance: collect_bid_data_daily.collect_bssamt_data manual__2025-11-11T00:00:00+00:00 [scheduled]>] for executor: SequentialExecutor(parallelism=32)
[2025-11-11T11:33:36.274+0900] {scheduler_job_runner.py:692} INFO - Sending TaskInstanceKey(dag_id='collect_bid_data_daily', task_id='collect_bssamt_data', run_id='manual__2025-11-11T00:00:00+00:00', try_number=2, map_index=-1) to SequentialExecutor with priority 2 and queue default
[2025-11-11T11:33:36.274+0900] {base_executor.py:169} INFO - Adding to queue: ['airflow', 'tasks', 'run', 'collect_bid_data_daily', 'collect_bssamt_data', 'manual__2025-11-11T00:00:00+00:00', '--local', '--subdir', 'DAGS_FOLDER/data_collection_dag.py']
[2025-11-11T11:33:36.416+0900] {sequential_executor.py:84} INFO - Executing command: ['airflow', 'tasks', 'run', 'collect_bid_data_daily', 'collect_bssamt_data', 'manual__2025-11-11T00:00:00+00:00', '--local', '--subdir', 'DAGS_FOLDER/data_collection_dag.py']
[2025-11-11T11:33:37.185+0900] {dagbag.py:588} INFO - Filling up the DagBag from /data/dev/bid-price-analysis/api-fetcher/scheduler/dags/data_collection_dag.py
[2025-11-11T11:33:37.325+0900] {task_command.py:467} INFO - Running <TaskInstance: collect_bid_data_daily.collect_bssamt_data manual__2025-11-11T00:00:00+00:00 [queued]> on host gf-consultant-data-server
[2025-11-11T11:33:39.583+0900] {scheduler_job_runner.py:776} INFO - Received executor event with state success for task instance TaskInstanceKey(dag_id='collect_bid_data_daily', task_id='collect_bssamt_data', run_id='manual__2025-11-11T00:00:00+00:00', try_number=2, map_index=-1)
[2025-11-11T11:33:39.586+0900] {scheduler_job_runner.py:813} INFO - TaskInstance Finished: dag_id=collect_bid_data_daily, task_id=collect_bssamt_data, run_id=manual__2025-11-11T00:00:00+00:00, map_index=-1, run_start_date=2025-11-11 02:33:37.461873+00:00, run_end_date=None, run_duration=9.56478, state=running, executor=SequentialExecutor(parallelism=32), executor_state=success, try_number=2, max_tries=2, job_id=14, pool=default_pool, queue=default, priority_weight=2, operator=PythonOperator, queued_dttm=2025-11-11 02:33:36.273859+00:00, queued_by_job_id=2, pid=3262162
[2025-11-11T11:33:39.731+0900] {scheduler_job_runner.py:2086} WARNING - Failing (1) jobs without heartbeat after 2025-11-11 02:28:39.730065+00:00
[2025-11-11T11:33:39.732+0900] {scheduler_job_runner.py:2110} ERROR - Detected zombie job: {'full_filepath': '/data/dev/bid-price-analysis/api-fetcher/scheduler/dags/data_collection_dag.py', 'processor_subdir': '/data/dev/bid-price-analysis/api-fetcher/scheduler/dags', 'msg': "{'DAG Id': 'collect_bid_data_daily', 'Task Id': 'collect_bssamt_data', 'Run Id': 'manual__2025-11-11T00:00:00+00:00', 'Hostname': 'gf-consultant-data-server'}", 'simple_task_instance': SimpleTaskInstance(dag_id='collect_bid_data_daily', task_id='collect_bssamt_data', run_id='manual__2025-11-11T00:00:00+00:00', map_index=-1, start_date=datetime.datetime(2025, 11, 11, 2, 33, 37, 461873, tzinfo=Timezone('UTC')), end_date=None, try_number=2, state='running', executor=None, executor_config={}, run_as_user=None, pool='default_pool', priority_weight=2, queue='default', key=TaskInstanceKey(dag_id='collect_bid_data_daily', task_id='collect_bssamt_data', run_id='manual__2025-11-11T00:00:00+00:00', try_number=2, map_index=-1)), 'task_callback_type': None} (See https://airflow.apache.org/docs/apache-airflow/stable/core-concepts/tasks.html#zombie-undead-tasks)
[2025-11-11T11:33:40.647+0900] {scheduler_job_runner.py:776} INFO - Received executor event with state failed for task instance TaskInstanceKey(dag_id='collect_bid_data_daily', task_id='collect_bssamt_data', run_id='manual__2025-11-11T00:00:00+00:00', try_number=2, map_index=-1)
[2025-11-11T11:33:40.649+0900] {scheduler_job_runner.py:813} INFO - TaskInstance Finished: dag_id=collect_bid_data_daily, task_id=collect_bssamt_data, run_id=manual__2025-11-11T00:00:00+00:00, map_index=-1, run_start_date=2025-11-11 02:33:37.461873+00:00, run_end_date=2025-11-11 02:33:40.086775+00:00, run_duration=2.624902, state=up_for_retry, executor=SequentialExecutor(parallelism=32), executor_state=failed, try_number=2, max_tries=2, job_id=14, pool=default_pool, queue=default, priority_weight=2, operator=PythonOperator, queued_dttm=2025-11-11 02:33:36.273859+00:00, queued_by_job_id=2, pid=3262162
[2025-11-11T11:34:37.874+0900] {scheduler_job_runner.py:435} INFO - 1 tasks up for execution:
	<TaskInstance: collect_bid_data_daily.collect_company_industry_data manual__2025-11-11T00:00:00+00:00 [scheduled]>
[2025-11-11T11:34:37.874+0900] {scheduler_job_runner.py:507} INFO - DAG collect_bid_data_daily has 0/16 running and queued tasks
[2025-11-11T11:34:37.875+0900] {scheduler_job_runner.py:646} INFO - Setting the following tasks to queued state:
	<TaskInstance: collect_bid_data_daily.collect_company_industry_data manual__2025-11-11T00:00:00+00:00 [scheduled]>
[2025-11-11T11:34:37.877+0900] {scheduler_job_runner.py:748} INFO - Trying to enqueue tasks: [<TaskInstance: collect_bid_data_daily.collect_company_industry_data manual__2025-11-11T00:00:00+00:00 [scheduled]>] for executor: SequentialExecutor(parallelism=32)
[2025-11-11T11:34:37.877+0900] {scheduler_job_runner.py:692} INFO - Sending TaskInstanceKey(dag_id='collect_bid_data_daily', task_id='collect_company_industry_data', run_id='manual__2025-11-11T00:00:00+00:00', try_number=2, map_index=-1) to SequentialExecutor with priority 1 and queue default
[2025-11-11T11:34:37.878+0900] {base_executor.py:169} INFO - Adding to queue: ['airflow', 'tasks', 'run', 'collect_bid_data_daily', 'collect_company_industry_data', 'manual__2025-11-11T00:00:00+00:00', '--local', '--subdir', 'DAGS_FOLDER/data_collection_dag.py']
[2025-11-11T11:34:38.027+0900] {sequential_executor.py:84} INFO - Executing command: ['airflow', 'tasks', 'run', 'collect_bid_data_daily', 'collect_company_industry_data', 'manual__2025-11-11T00:00:00+00:00', '--local', '--subdir', 'DAGS_FOLDER/data_collection_dag.py']
[2025-11-11T11:34:38.828+0900] {dagbag.py:588} INFO - Filling up the DagBag from /data/dev/bid-price-analysis/api-fetcher/scheduler/dags/data_collection_dag.py
[2025-11-11T11:34:38.964+0900] {task_command.py:467} INFO - Running <TaskInstance: collect_bid_data_daily.collect_company_industry_data manual__2025-11-11T00:00:00+00:00 [queued]> on host gf-consultant-data-server
[2025-11-11T11:34:41.409+0900] {scheduler_job_runner.py:776} INFO - Received executor event with state success for task instance TaskInstanceKey(dag_id='collect_bid_data_daily', task_id='collect_company_industry_data', run_id='manual__2025-11-11T00:00:00+00:00', try_number=2, map_index=-1)
[2025-11-11T11:34:41.411+0900] {scheduler_job_runner.py:813} INFO - TaskInstance Finished: dag_id=collect_bid_data_daily, task_id=collect_company_industry_data, run_id=manual__2025-11-11T00:00:00+00:00, map_index=-1, run_start_date=2025-11-11 02:34:39.144962+00:00, run_end_date=None, run_duration=63.873767, state=running, executor=SequentialExecutor(parallelism=32), executor_state=success, try_number=2, max_tries=2, job_id=15, pool=default_pool, queue=default, priority_weight=1, operator=PythonOperator, queued_dttm=2025-11-11 02:34:37.876200+00:00, queued_by_job_id=2, pid=3263962
[2025-11-11T11:34:41.425+0900] {scheduler_job_runner.py:2086} WARNING - Failing (1) jobs without heartbeat after 2025-11-11 02:29:41.423858+00:00
[2025-11-11T11:34:41.425+0900] {scheduler_job_runner.py:2110} ERROR - Detected zombie job: {'full_filepath': '/data/dev/bid-price-analysis/api-fetcher/scheduler/dags/data_collection_dag.py', 'processor_subdir': '/data/dev/bid-price-analysis/api-fetcher/scheduler/dags', 'msg': "{'DAG Id': 'collect_bid_data_daily', 'Task Id': 'collect_company_industry_data', 'Run Id': 'manual__2025-11-11T00:00:00+00:00', 'Hostname': 'gf-consultant-data-server'}", 'simple_task_instance': SimpleTaskInstance(dag_id='collect_bid_data_daily', task_id='collect_company_industry_data', run_id='manual__2025-11-11T00:00:00+00:00', map_index=-1, start_date=datetime.datetime(2025, 11, 11, 2, 34, 39, 144962, tzinfo=Timezone('UTC')), end_date=None, try_number=2, state='running', executor=None, executor_config={}, run_as_user=None, pool='default_pool', priority_weight=1, queue='default', key=TaskInstanceKey(dag_id='collect_bid_data_daily', task_id='collect_company_industry_data', run_id='manual__2025-11-11T00:00:00+00:00', try_number=2, map_index=-1)), 'task_callback_type': None} (See https://airflow.apache.org/docs/apache-airflow/stable/core-concepts/tasks.html#zombie-undead-tasks)
[2025-11-11T11:34:42.144+0900] {scheduler_job_runner.py:776} INFO - Received executor event with state failed for task instance TaskInstanceKey(dag_id='collect_bid_data_daily', task_id='collect_company_industry_data', run_id='manual__2025-11-11T00:00:00+00:00', try_number=2, map_index=-1)
[2025-11-11T11:34:42.146+0900] {scheduler_job_runner.py:813} INFO - TaskInstance Finished: dag_id=collect_bid_data_daily, task_id=collect_company_industry_data, run_id=manual__2025-11-11T00:00:00+00:00, map_index=-1, run_start_date=2025-11-11 02:34:39.144962+00:00, run_end_date=2025-11-11 02:34:41.728371+00:00, run_duration=2.583409, state=up_for_retry, executor=SequentialExecutor(parallelism=32), executor_state=failed, try_number=2, max_tries=2, job_id=15, pool=default_pool, queue=default, priority_weight=1, operator=PythonOperator, queued_dttm=2025-11-11 02:34:37.876200+00:00, queued_by_job_id=2, pid=3263962
[2025-11-11T11:36:42.480+0900] {scheduler_job_runner.py:1949} INFO - Adopting or resetting orphaned tasks for active dag runs
[2025-11-11T11:38:18.216+0900] {scheduler_job_runner.py:435} INFO - 1 tasks up for execution:
	<TaskInstance: collect_bid_data_daily.collect_notice_data scheduled__2025-11-10T02:00:00+00:00 [scheduled]>
[2025-11-11T11:38:18.216+0900] {scheduler_job_runner.py:507} INFO - DAG collect_bid_data_daily has 0/16 running and queued tasks
[2025-11-11T11:38:18.216+0900] {scheduler_job_runner.py:646} INFO - Setting the following tasks to queued state:
	<TaskInstance: collect_bid_data_daily.collect_notice_data scheduled__2025-11-10T02:00:00+00:00 [scheduled]>
[2025-11-11T11:38:18.217+0900] {scheduler_job_runner.py:748} INFO - Trying to enqueue tasks: [<TaskInstance: collect_bid_data_daily.collect_notice_data scheduled__2025-11-10T02:00:00+00:00 [scheduled]>] for executor: SequentialExecutor(parallelism=32)
[2025-11-11T11:38:18.217+0900] {scheduler_job_runner.py:692} INFO - Sending TaskInstanceKey(dag_id='collect_bid_data_daily', task_id='collect_notice_data', run_id='scheduled__2025-11-10T02:00:00+00:00', try_number=3, map_index=-1) to SequentialExecutor with priority 3 and queue default
[2025-11-11T11:38:18.217+0900] {base_executor.py:169} INFO - Adding to queue: ['airflow', 'tasks', 'run', 'collect_bid_data_daily', 'collect_notice_data', 'scheduled__2025-11-10T02:00:00+00:00', '--local', '--subdir', 'DAGS_FOLDER/data_collection_dag.py']
[2025-11-11T11:38:18.342+0900] {sequential_executor.py:84} INFO - Executing command: ['airflow', 'tasks', 'run', 'collect_bid_data_daily', 'collect_notice_data', 'scheduled__2025-11-10T02:00:00+00:00', '--local', '--subdir', 'DAGS_FOLDER/data_collection_dag.py']
[2025-11-11T11:38:19.131+0900] {dagbag.py:588} INFO - Filling up the DagBag from /data/dev/bid-price-analysis/api-fetcher/scheduler/dags/data_collection_dag.py
[2025-11-11T11:38:19.268+0900] {task_command.py:467} INFO - Running <TaskInstance: collect_bid_data_daily.collect_notice_data scheduled__2025-11-10T02:00:00+00:00 [queued]> on host gf-consultant-data-server
[2025-11-11T11:38:21.800+0900] {scheduler_job_runner.py:776} INFO - Received executor event with state success for task instance TaskInstanceKey(dag_id='collect_bid_data_daily', task_id='collect_notice_data', run_id='scheduled__2025-11-10T02:00:00+00:00', try_number=3, map_index=-1)
[2025-11-11T11:38:21.802+0900] {scheduler_job_runner.py:813} INFO - TaskInstance Finished: dag_id=collect_bid_data_daily, task_id=collect_notice_data, run_id=scheduled__2025-11-10T02:00:00+00:00, map_index=-1, run_start_date=2025-11-11 02:38:19.451102+00:00, run_end_date=None, run_duration=5.781816, state=running, executor=SequentialExecutor(parallelism=32), executor_state=success, try_number=3, max_tries=2, job_id=16, pool=default_pool, queue=default, priority_weight=3, operator=PythonOperator, queued_dttm=2025-11-11 02:38:18.216726+00:00, queued_by_job_id=2, pid=3270293
[2025-11-11T11:38:22.210+0900] {scheduler_job_runner.py:435} INFO - 1 tasks up for execution:
	<TaskInstance: collect_bid_data_daily.collect_bid_data scheduled__2025-11-10T02:00:00+00:00 [scheduled]>
[2025-11-11T11:38:22.210+0900] {scheduler_job_runner.py:507} INFO - DAG collect_bid_data_daily has 1/16 running and queued tasks
[2025-11-11T11:38:22.210+0900] {scheduler_job_runner.py:646} INFO - Setting the following tasks to queued state:
	<TaskInstance: collect_bid_data_daily.collect_bid_data scheduled__2025-11-10T02:00:00+00:00 [scheduled]>
[2025-11-11T11:38:22.211+0900] {scheduler_job_runner.py:748} INFO - Trying to enqueue tasks: [<TaskInstance: collect_bid_data_daily.collect_bid_data scheduled__2025-11-10T02:00:00+00:00 [scheduled]>] for executor: SequentialExecutor(parallelism=32)
[2025-11-11T11:38:22.211+0900] {scheduler_job_runner.py:692} INFO - Sending TaskInstanceKey(dag_id='collect_bid_data_daily', task_id='collect_bid_data', run_id='scheduled__2025-11-10T02:00:00+00:00', try_number=3, map_index=-1) to SequentialExecutor with priority 1 and queue default
[2025-11-11T11:38:22.211+0900] {base_executor.py:169} INFO - Adding to queue: ['airflow', 'tasks', 'run', 'collect_bid_data_daily', 'collect_bid_data', 'scheduled__2025-11-10T02:00:00+00:00', '--local', '--subdir', 'DAGS_FOLDER/data_collection_dag.py']
[2025-11-11T11:38:22.342+0900] {sequential_executor.py:84} INFO - Executing command: ['airflow', 'tasks', 'run', 'collect_bid_data_daily', 'collect_bid_data', 'scheduled__2025-11-10T02:00:00+00:00', '--local', '--subdir', 'DAGS_FOLDER/data_collection_dag.py']
[2025-11-11T11:38:23.112+0900] {dagbag.py:588} INFO - Filling up the DagBag from /data/dev/bid-price-analysis/api-fetcher/scheduler/dags/data_collection_dag.py
[2025-11-11T11:38:23.249+0900] {task_command.py:467} INFO - Running <TaskInstance: collect_bid_data_daily.collect_bid_data scheduled__2025-11-10T02:00:00+00:00 [queued]> on host gf-consultant-data-server
[2025-11-11T11:38:25.549+0900] {scheduler_job_runner.py:776} INFO - Received executor event with state success for task instance TaskInstanceKey(dag_id='collect_bid_data_daily', task_id='collect_bid_data', run_id='scheduled__2025-11-10T02:00:00+00:00', try_number=3, map_index=-1)
[2025-11-11T11:38:25.552+0900] {scheduler_job_runner.py:813} INFO - TaskInstance Finished: dag_id=collect_bid_data_daily, task_id=collect_bid_data, run_id=scheduled__2025-11-10T02:00:00+00:00, map_index=-1, run_start_date=2025-11-11 02:38:23.422247+00:00, run_end_date=None, run_duration=3.631727, state=running, executor=SequentialExecutor(parallelism=32), executor_state=success, try_number=3, max_tries=2, job_id=17, pool=default_pool, queue=default, priority_weight=1, operator=PythonOperator, queued_dttm=2025-11-11 02:38:22.210941+00:00, queued_by_job_id=2, pid=3270422
[2025-11-11T11:38:25.749+0900] {scheduler_job_runner.py:2086} WARNING - Failing (2) jobs without heartbeat after 2025-11-11 02:33:25.747532+00:00
[2025-11-11T11:38:25.749+0900] {scheduler_job_runner.py:2110} ERROR - Detected zombie job: {'full_filepath': '/data/dev/bid-price-analysis/api-fetcher/scheduler/dags/data_collection_dag.py', 'processor_subdir': '/data/dev/bid-price-analysis/api-fetcher/scheduler/dags', 'msg': "{'DAG Id': 'collect_bid_data_daily', 'Task Id': 'collect_notice_data', 'Run Id': 'scheduled__2025-11-10T02:00:00+00:00', 'Hostname': 'gf-consultant-data-server'}", 'simple_task_instance': SimpleTaskInstance(dag_id='collect_bid_data_daily', task_id='collect_notice_data', run_id='scheduled__2025-11-10T02:00:00+00:00', map_index=-1, start_date=datetime.datetime(2025, 11, 11, 2, 38, 19, 451102, tzinfo=Timezone('UTC')), end_date=None, try_number=3, state='running', executor=None, executor_config={}, run_as_user=None, pool='default_pool', priority_weight=3, queue='default', key=TaskInstanceKey(dag_id='collect_bid_data_daily', task_id='collect_notice_data', run_id='scheduled__2025-11-10T02:00:00+00:00', try_number=3, map_index=-1)), 'task_callback_type': None} (See https://airflow.apache.org/docs/apache-airflow/stable/core-concepts/tasks.html#zombie-undead-tasks)
[2025-11-11T11:38:25.750+0900] {scheduler_job_runner.py:2110} ERROR - Detected zombie job: {'full_filepath': '/data/dev/bid-price-analysis/api-fetcher/scheduler/dags/data_collection_dag.py', 'processor_subdir': '/data/dev/bid-price-analysis/api-fetcher/scheduler/dags', 'msg': "{'DAG Id': 'collect_bid_data_daily', 'Task Id': 'collect_bid_data', 'Run Id': 'scheduled__2025-11-10T02:00:00+00:00', 'Hostname': 'gf-consultant-data-server'}", 'simple_task_instance': SimpleTaskInstance(dag_id='collect_bid_data_daily', task_id='collect_bid_data', run_id='scheduled__2025-11-10T02:00:00+00:00', map_index=-1, start_date=datetime.datetime(2025, 11, 11, 2, 38, 23, 422247, tzinfo=Timezone('UTC')), end_date=None, try_number=3, state='running', executor=None, executor_config={}, run_as_user=None, pool='default_pool', priority_weight=1, queue='default', key=TaskInstanceKey(dag_id='collect_bid_data_daily', task_id='collect_bid_data', run_id='scheduled__2025-11-10T02:00:00+00:00', try_number=3, map_index=-1)), 'task_callback_type': None} (See https://airflow.apache.org/docs/apache-airflow/stable/core-concepts/tasks.html#zombie-undead-tasks)
[2025-11-11T11:38:27.393+0900] {scheduler_job_runner.py:776} INFO - Received executor event with state failed for task instance TaskInstanceKey(dag_id='collect_bid_data_daily', task_id='collect_notice_data', run_id='scheduled__2025-11-10T02:00:00+00:00', try_number=3, map_index=-1)
[2025-11-11T11:38:27.393+0900] {scheduler_job_runner.py:776} INFO - Received executor event with state failed for task instance TaskInstanceKey(dag_id='collect_bid_data_daily', task_id='collect_bid_data', run_id='scheduled__2025-11-10T02:00:00+00:00', try_number=3, map_index=-1)
[2025-11-11T11:38:27.395+0900] {scheduler_job_runner.py:813} INFO - TaskInstance Finished: dag_id=collect_bid_data_daily, task_id=collect_bid_data, run_id=scheduled__2025-11-10T02:00:00+00:00, map_index=-1, run_start_date=2025-11-11 02:38:23.422247+00:00, run_end_date=2025-11-11 02:38:26.524364+00:00, run_duration=3.102117, state=failed, executor=SequentialExecutor(parallelism=32), executor_state=failed, try_number=3, max_tries=2, job_id=17, pool=default_pool, queue=default, priority_weight=1, operator=PythonOperator, queued_dttm=2025-11-11 02:38:22.210941+00:00, queued_by_job_id=2, pid=3270422
[2025-11-11T11:38:27.395+0900] {scheduler_job_runner.py:813} INFO - TaskInstance Finished: dag_id=collect_bid_data_daily, task_id=collect_notice_data, run_id=scheduled__2025-11-10T02:00:00+00:00, map_index=-1, run_start_date=2025-11-11 02:38:19.451102+00:00, run_end_date=2025-11-11 02:38:26.009519+00:00, run_duration=6.558417, state=failed, executor=SequentialExecutor(parallelism=32), executor_state=failed, try_number=3, max_tries=2, job_id=16, pool=default_pool, queue=default, priority_weight=3, operator=PythonOperator, queued_dttm=2025-11-11 02:38:18.216726+00:00, queued_by_job_id=2, pid=3270293
[2025-11-11T11:38:28.761+0900] {scheduler_job_runner.py:435} INFO - 1 tasks up for execution:
	<TaskInstance: collect_bid_data_daily.collect_company_data scheduled__2025-11-10T02:00:00+00:00 [scheduled]>
[2025-11-11T11:38:28.761+0900] {scheduler_job_runner.py:507} INFO - DAG collect_bid_data_daily has 0/16 running and queued tasks
[2025-11-11T11:38:28.761+0900] {scheduler_job_runner.py:646} INFO - Setting the following tasks to queued state:
	<TaskInstance: collect_bid_data_daily.collect_company_data scheduled__2025-11-10T02:00:00+00:00 [scheduled]>
[2025-11-11T11:38:28.762+0900] {scheduler_job_runner.py:748} INFO - Trying to enqueue tasks: [<TaskInstance: collect_bid_data_daily.collect_company_data scheduled__2025-11-10T02:00:00+00:00 [scheduled]>] for executor: SequentialExecutor(parallelism=32)
[2025-11-11T11:38:28.762+0900] {scheduler_job_runner.py:692} INFO - Sending TaskInstanceKey(dag_id='collect_bid_data_daily', task_id='collect_company_data', run_id='scheduled__2025-11-10T02:00:00+00:00', try_number=3, map_index=-1) to SequentialExecutor with priority 2 and queue default
[2025-11-11T11:38:28.762+0900] {base_executor.py:169} INFO - Adding to queue: ['airflow', 'tasks', 'run', 'collect_bid_data_daily', 'collect_company_data', 'scheduled__2025-11-10T02:00:00+00:00', '--local', '--subdir', 'DAGS_FOLDER/data_collection_dag.py']
[2025-11-11T11:38:28.898+0900] {sequential_executor.py:84} INFO - Executing command: ['airflow', 'tasks', 'run', 'collect_bid_data_daily', 'collect_company_data', 'scheduled__2025-11-10T02:00:00+00:00', '--local', '--subdir', 'DAGS_FOLDER/data_collection_dag.py']
[2025-11-11T11:38:29.644+0900] {dagbag.py:588} INFO - Filling up the DagBag from /data/dev/bid-price-analysis/api-fetcher/scheduler/dags/data_collection_dag.py
[2025-11-11T11:38:29.779+0900] {task_command.py:467} INFO - Running <TaskInstance: collect_bid_data_daily.collect_company_data scheduled__2025-11-10T02:00:00+00:00 [queued]> on host gf-consultant-data-server
[2025-11-11T11:38:32.044+0900] {scheduler_job_runner.py:776} INFO - Received executor event with state success for task instance TaskInstanceKey(dag_id='collect_bid_data_daily', task_id='collect_company_data', run_id='scheduled__2025-11-10T02:00:00+00:00', try_number=3, map_index=-1)
[2025-11-11T11:38:32.047+0900] {scheduler_job_runner.py:813} INFO - TaskInstance Finished: dag_id=collect_bid_data_daily, task_id=collect_company_data, run_id=scheduled__2025-11-10T02:00:00+00:00, map_index=-1, run_start_date=2025-11-11 02:38:29.933720+00:00, run_end_date=None, run_duration=8.485285, state=running, executor=SequentialExecutor(parallelism=32), executor_state=success, try_number=3, max_tries=2, job_id=18, pool=default_pool, queue=default, priority_weight=2, operator=PythonOperator, queued_dttm=2025-11-11 02:38:28.761696+00:00, queued_by_job_id=2, pid=3270630
[2025-11-11T11:38:36.109+0900] {scheduler_job_runner.py:2086} WARNING - Failing (1) jobs without heartbeat after 2025-11-11 02:33:36.103243+00:00
[2025-11-11T11:38:36.110+0900] {scheduler_job_runner.py:2110} ERROR - Detected zombie job: {'full_filepath': '/data/dev/bid-price-analysis/api-fetcher/scheduler/dags/data_collection_dag.py', 'processor_subdir': '/data/dev/bid-price-analysis/api-fetcher/scheduler/dags', 'msg': "{'DAG Id': 'collect_bid_data_daily', 'Task Id': 'collect_company_data', 'Run Id': 'scheduled__2025-11-10T02:00:00+00:00', 'Hostname': 'gf-consultant-data-server'}", 'simple_task_instance': SimpleTaskInstance(dag_id='collect_bid_data_daily', task_id='collect_company_data', run_id='scheduled__2025-11-10T02:00:00+00:00', map_index=-1, start_date=datetime.datetime(2025, 11, 11, 2, 38, 29, 933720, tzinfo=Timezone('UTC')), end_date=None, try_number=3, state='running', executor=None, executor_config={}, run_as_user=None, pool='default_pool', priority_weight=2, queue='default', key=TaskInstanceKey(dag_id='collect_bid_data_daily', task_id='collect_company_data', run_id='scheduled__2025-11-10T02:00:00+00:00', try_number=3, map_index=-1)), 'task_callback_type': None} (See https://airflow.apache.org/docs/apache-airflow/stable/core-concepts/tasks.html#zombie-undead-tasks)
[2025-11-11T11:38:37.436+0900] {scheduler_job_runner.py:776} INFO - Received executor event with state failed for task instance TaskInstanceKey(dag_id='collect_bid_data_daily', task_id='collect_company_data', run_id='scheduled__2025-11-10T02:00:00+00:00', try_number=3, map_index=-1)
[2025-11-11T11:38:37.438+0900] {scheduler_job_runner.py:813} INFO - TaskInstance Finished: dag_id=collect_bid_data_daily, task_id=collect_company_data, run_id=scheduled__2025-11-10T02:00:00+00:00, map_index=-1, run_start_date=2025-11-11 02:38:29.933720+00:00, run_end_date=2025-11-11 02:38:36.377150+00:00, run_duration=6.44343, state=failed, executor=SequentialExecutor(parallelism=32), executor_state=failed, try_number=3, max_tries=2, job_id=18, pool=default_pool, queue=default, priority_weight=2, operator=PythonOperator, queued_dttm=2025-11-11 02:38:28.761696+00:00, queued_by_job_id=2, pid=3270630
[2025-11-11T11:38:37.763+0900] {dagrun.py:823} ERROR - Marking run <DagRun collect_bid_data_daily @ 2025-11-10 02:00:00+00:00: scheduled__2025-11-10T02:00:00+00:00, state:running, queued_at: 2025-11-11 02:27:58.400522+00:00. externally triggered: False> failed
[2025-11-11T11:38:37.763+0900] {dagrun.py:905} INFO - DagRun Finished: dag_id=collect_bid_data_daily, execution_date=2025-11-10 02:00:00+00:00, run_id=scheduled__2025-11-10T02:00:00+00:00, run_start_date=2025-11-11 02:27:58.519470+00:00, run_end_date=2025-11-11 02:38:37.763856+00:00, run_duration=639.244386, state=failed, external_trigger=False, run_type=scheduled, data_interval_start=2025-11-10 02:00:00+00:00, data_interval_end=2025-11-11 02:00:00+00:00, dag_hash=0df4d86aae48678b08b599751bf845fb
[2025-11-11T11:38:37.765+0900] {dag.py:4180} INFO - Setting next_dagrun for collect_bid_data_daily to 2025-11-11 02:00:00+00:00, run_after=2025-11-12 02:00:00+00:00
[2025-11-11T11:38:40.438+0900] {scheduler_job_runner.py:435} INFO - 1 tasks up for execution:
	<TaskInstance: collect_bid_data_daily.collect_bssamt_data manual__2025-11-11T00:00:00+00:00 [scheduled]>
[2025-11-11T11:38:40.439+0900] {scheduler_job_runner.py:507} INFO - DAG collect_bid_data_daily has 0/16 running and queued tasks
[2025-11-11T11:38:40.440+0900] {scheduler_job_runner.py:646} INFO - Setting the following tasks to queued state:
	<TaskInstance: collect_bid_data_daily.collect_bssamt_data manual__2025-11-11T00:00:00+00:00 [scheduled]>
[2025-11-11T11:38:40.441+0900] {scheduler_job_runner.py:748} INFO - Trying to enqueue tasks: [<TaskInstance: collect_bid_data_daily.collect_bssamt_data manual__2025-11-11T00:00:00+00:00 [scheduled]>] for executor: SequentialExecutor(parallelism=32)
[2025-11-11T11:38:40.442+0900] {scheduler_job_runner.py:692} INFO - Sending TaskInstanceKey(dag_id='collect_bid_data_daily', task_id='collect_bssamt_data', run_id='manual__2025-11-11T00:00:00+00:00', try_number=3, map_index=-1) to SequentialExecutor with priority 2 and queue default
[2025-11-11T11:38:40.442+0900] {base_executor.py:169} INFO - Adding to queue: ['airflow', 'tasks', 'run', 'collect_bid_data_daily', 'collect_bssamt_data', 'manual__2025-11-11T00:00:00+00:00', '--local', '--subdir', 'DAGS_FOLDER/data_collection_dag.py']
[2025-11-11T11:38:40.569+0900] {sequential_executor.py:84} INFO - Executing command: ['airflow', 'tasks', 'run', 'collect_bid_data_daily', 'collect_bssamt_data', 'manual__2025-11-11T00:00:00+00:00', '--local', '--subdir', 'DAGS_FOLDER/data_collection_dag.py']
[2025-11-11T11:38:41.330+0900] {dagbag.py:588} INFO - Filling up the DagBag from /data/dev/bid-price-analysis/api-fetcher/scheduler/dags/data_collection_dag.py
[2025-11-11T11:38:41.467+0900] {task_command.py:467} INFO - Running <TaskInstance: collect_bid_data_daily.collect_bssamt_data manual__2025-11-11T00:00:00+00:00 [queued]> on host gf-consultant-data-server
[2025-11-11T11:38:43.796+0900] {scheduler_job_runner.py:776} INFO - Received executor event with state success for task instance TaskInstanceKey(dag_id='collect_bid_data_daily', task_id='collect_bssamt_data', run_id='manual__2025-11-11T00:00:00+00:00', try_number=3, map_index=-1)
[2025-11-11T11:38:43.800+0900] {scheduler_job_runner.py:813} INFO - TaskInstance Finished: dag_id=collect_bid_data_daily, task_id=collect_bssamt_data, run_id=manual__2025-11-11T00:00:00+00:00, map_index=-1, run_start_date=2025-11-11 02:38:41.614453+00:00, run_end_date=None, run_duration=2.624902, state=running, executor=SequentialExecutor(parallelism=32), executor_state=success, try_number=3, max_tries=2, job_id=19, pool=default_pool, queue=default, priority_weight=2, operator=PythonOperator, queued_dttm=2025-11-11 02:38:40.440775+00:00, queued_by_job_id=2, pid=3271025
[2025-11-11T11:38:46.402+0900] {scheduler_job_runner.py:2086} WARNING - Failing (1) jobs without heartbeat after 2025-11-11 02:33:46.396916+00:00
[2025-11-11T11:38:46.403+0900] {scheduler_job_runner.py:2110} ERROR - Detected zombie job: {'full_filepath': '/data/dev/bid-price-analysis/api-fetcher/scheduler/dags/data_collection_dag.py', 'processor_subdir': '/data/dev/bid-price-analysis/api-fetcher/scheduler/dags', 'msg': "{'DAG Id': 'collect_bid_data_daily', 'Task Id': 'collect_bssamt_data', 'Run Id': 'manual__2025-11-11T00:00:00+00:00', 'Hostname': 'gf-consultant-data-server'}", 'simple_task_instance': SimpleTaskInstance(dag_id='collect_bid_data_daily', task_id='collect_bssamt_data', run_id='manual__2025-11-11T00:00:00+00:00', map_index=-1, start_date=datetime.datetime(2025, 11, 11, 2, 38, 41, 614453, tzinfo=Timezone('UTC')), end_date=None, try_number=3, state='running', executor=None, executor_config={}, run_as_user=None, pool='default_pool', priority_weight=2, queue='default', key=TaskInstanceKey(dag_id='collect_bid_data_daily', task_id='collect_bssamt_data', run_id='manual__2025-11-11T00:00:00+00:00', try_number=3, map_index=-1)), 'task_callback_type': None} (See https://airflow.apache.org/docs/apache-airflow/stable/core-concepts/tasks.html#zombie-undead-tasks)
[2025-11-11T11:38:47.244+0900] {scheduler_job_runner.py:776} INFO - Received executor event with state failed for task instance TaskInstanceKey(dag_id='collect_bid_data_daily', task_id='collect_bssamt_data', run_id='manual__2025-11-11T00:00:00+00:00', try_number=3, map_index=-1)
[2025-11-11T11:38:47.246+0900] {scheduler_job_runner.py:813} INFO - TaskInstance Finished: dag_id=collect_bid_data_daily, task_id=collect_bssamt_data, run_id=manual__2025-11-11T00:00:00+00:00, map_index=-1, run_start_date=2025-11-11 02:38:41.614453+00:00, run_end_date=2025-11-11 02:38:46.693741+00:00, run_duration=5.079288, state=failed, executor=SequentialExecutor(parallelism=32), executor_state=failed, try_number=3, max_tries=2, job_id=19, pool=default_pool, queue=default, priority_weight=2, operator=PythonOperator, queued_dttm=2025-11-11 02:38:40.440775+00:00, queued_by_job_id=2, pid=3271025
[2025-11-11T11:39:42.015+0900] {scheduler_job_runner.py:435} INFO - 1 tasks up for execution:
	<TaskInstance: collect_bid_data_daily.collect_company_industry_data manual__2025-11-11T00:00:00+00:00 [scheduled]>
[2025-11-11T11:39:42.016+0900] {scheduler_job_runner.py:507} INFO - DAG collect_bid_data_daily has 0/16 running and queued tasks
[2025-11-11T11:39:42.016+0900] {scheduler_job_runner.py:646} INFO - Setting the following tasks to queued state:
	<TaskInstance: collect_bid_data_daily.collect_company_industry_data manual__2025-11-11T00:00:00+00:00 [scheduled]>
[2025-11-11T11:39:42.016+0900] {scheduler_job_runner.py:748} INFO - Trying to enqueue tasks: [<TaskInstance: collect_bid_data_daily.collect_company_industry_data manual__2025-11-11T00:00:00+00:00 [scheduled]>] for executor: SequentialExecutor(parallelism=32)
[2025-11-11T11:39:42.017+0900] {scheduler_job_runner.py:692} INFO - Sending TaskInstanceKey(dag_id='collect_bid_data_daily', task_id='collect_company_industry_data', run_id='manual__2025-11-11T00:00:00+00:00', try_number=3, map_index=-1) to SequentialExecutor with priority 1 and queue default
[2025-11-11T11:39:42.017+0900] {base_executor.py:169} INFO - Adding to queue: ['airflow', 'tasks', 'run', 'collect_bid_data_daily', 'collect_company_industry_data', 'manual__2025-11-11T00:00:00+00:00', '--local', '--subdir', 'DAGS_FOLDER/data_collection_dag.py']
[2025-11-11T11:39:42.144+0900] {sequential_executor.py:84} INFO - Executing command: ['airflow', 'tasks', 'run', 'collect_bid_data_daily', 'collect_company_industry_data', 'manual__2025-11-11T00:00:00+00:00', '--local', '--subdir', 'DAGS_FOLDER/data_collection_dag.py']
[2025-11-11T11:39:42.917+0900] {dagbag.py:588} INFO - Filling up the DagBag from /data/dev/bid-price-analysis/api-fetcher/scheduler/dags/data_collection_dag.py
[2025-11-11T11:39:43.054+0900] {task_command.py:467} INFO - Running <TaskInstance: collect_bid_data_daily.collect_company_industry_data manual__2025-11-11T00:00:00+00:00 [queued]> on host gf-consultant-data-server
[2025-11-11T11:39:45.295+0900] {scheduler_job_runner.py:776} INFO - Received executor event with state success for task instance TaskInstanceKey(dag_id='collect_bid_data_daily', task_id='collect_company_industry_data', run_id='manual__2025-11-11T00:00:00+00:00', try_number=3, map_index=-1)
[2025-11-11T11:39:45.298+0900] {scheduler_job_runner.py:813} INFO - TaskInstance Finished: dag_id=collect_bid_data_daily, task_id=collect_company_industry_data, run_id=manual__2025-11-11T00:00:00+00:00, map_index=-1, run_start_date=2025-11-11 02:39:43.204155+00:00, run_end_date=None, run_duration=2.583409, state=running, executor=SequentialExecutor(parallelism=32), executor_state=success, try_number=3, max_tries=2, job_id=20, pool=default_pool, queue=default, priority_weight=1, operator=PythonOperator, queued_dttm=2025-11-11 02:39:42.016578+00:00, queued_by_job_id=2, pid=3272720
[2025-11-11T11:39:47.487+0900] {scheduler_job_runner.py:2086} WARNING - Failing (1) jobs without heartbeat after 2025-11-11 02:34:47.482242+00:00
[2025-11-11T11:39:47.489+0900] {scheduler_job_runner.py:2110} ERROR - Detected zombie job: {'full_filepath': '/data/dev/bid-price-analysis/api-fetcher/scheduler/dags/data_collection_dag.py', 'processor_subdir': '/data/dev/bid-price-analysis/api-fetcher/scheduler/dags', 'msg': "{'DAG Id': 'collect_bid_data_daily', 'Task Id': 'collect_company_industry_data', 'Run Id': 'manual__2025-11-11T00:00:00+00:00', 'Hostname': 'gf-consultant-data-server'}", 'simple_task_instance': SimpleTaskInstance(dag_id='collect_bid_data_daily', task_id='collect_company_industry_data', run_id='manual__2025-11-11T00:00:00+00:00', map_index=-1, start_date=datetime.datetime(2025, 11, 11, 2, 39, 43, 204155, tzinfo=Timezone('UTC')), end_date=None, try_number=3, state='running', executor=None, executor_config={}, run_as_user=None, pool='default_pool', priority_weight=1, queue='default', key=TaskInstanceKey(dag_id='collect_bid_data_daily', task_id='collect_company_industry_data', run_id='manual__2025-11-11T00:00:00+00:00', try_number=3, map_index=-1)), 'task_callback_type': None} (See https://airflow.apache.org/docs/apache-airflow/stable/core-concepts/tasks.html#zombie-undead-tasks)
[2025-11-11T11:39:48.039+0900] {dagrun.py:823} ERROR - Marking run <DagRun collect_bid_data_daily @ 2025-11-11 00:00:00+00:00: manual__2025-11-11T00:00:00+00:00, state:running, queued_at: None. externally triggered: False> failed
[2025-11-11T11:39:48.039+0900] {dagrun.py:905} INFO - DagRun Finished: dag_id=collect_bid_data_daily, execution_date=2025-11-11 00:00:00+00:00, run_id=manual__2025-11-11T00:00:00+00:00, run_start_date=2025-11-11 00:00:00+00:00, run_end_date=2025-11-11 02:39:48.039707+00:00, run_duration=9588.039707, state=failed, external_trigger=False, run_type=manual, data_interval_start=2025-11-09 02:00:00+00:00, data_interval_end=2025-11-10 02:00:00+00:00, dag_hash=0df4d86aae48678b08b599751bf845fb
[2025-11-11T11:39:48.160+0900] {scheduler_job_runner.py:776} INFO - Received executor event with state failed for task instance TaskInstanceKey(dag_id='collect_bid_data_daily', task_id='collect_company_industry_data', run_id='manual__2025-11-11T00:00:00+00:00', try_number=3, map_index=-1)
[2025-11-11T11:39:48.162+0900] {scheduler_job_runner.py:813} INFO - TaskInstance Finished: dag_id=collect_bid_data_daily, task_id=collect_company_industry_data, run_id=manual__2025-11-11T00:00:00+00:00, map_index=-1, run_start_date=2025-11-11 02:39:43.204155+00:00, run_end_date=2025-11-11 02:39:47.704132+00:00, run_duration=4.499977, state=failed, executor=SequentialExecutor(parallelism=32), executor_state=failed, try_number=3, max_tries=2, job_id=20, pool=default_pool, queue=default, priority_weight=1, operator=PythonOperator, queued_dttm=2025-11-11 02:39:42.016578+00:00, queued_by_job_id=2, pid=3272720
[2025-11-11T11:41:42.523+0900] {scheduler_job_runner.py:1949} INFO - Adopting or resetting orphaned tasks for active dag runs
[2025-11-11T11:46:42.549+0900] {scheduler_job_runner.py:1949} INFO - Adopting or resetting orphaned tasks for active dag runs
[2025-11-11T11:51:42.580+0900] {scheduler_job_runner.py:1949} INFO - Adopting or resetting orphaned tasks for active dag runs
[2025-11-11T11:56:42.628+0900] {scheduler_job_runner.py:1949} INFO - Adopting or resetting orphaned tasks for active dag runs
[2025-11-11T12:01:42.659+0900] {scheduler_job_runner.py:1949} INFO - Adopting or resetting orphaned tasks for active dag runs
[2025-11-11T12:06:42.698+0900] {scheduler_job_runner.py:1949} INFO - Adopting or resetting orphaned tasks for active dag runs
[2025-11-11T12:11:42.727+0900] {scheduler_job_runner.py:1949} INFO - Adopting or resetting orphaned tasks for active dag runs
[2025-11-11T12:16:42.756+0900] {scheduler_job_runner.py:1949} INFO - Adopting or resetting orphaned tasks for active dag runs
[2025-11-11T12:21:42.789+0900] {scheduler_job_runner.py:1949} INFO - Adopting or resetting orphaned tasks for active dag runs
[2025-11-11T12:26:42.831+0900] {scheduler_job_runner.py:1949} INFO - Adopting or resetting orphaned tasks for active dag runs
[2025-11-11T12:31:42.870+0900] {scheduler_job_runner.py:1949} INFO - Adopting or resetting orphaned tasks for active dag runs
[2025-11-11T12:36:42.898+0900] {scheduler_job_runner.py:1949} INFO - Adopting or resetting orphaned tasks for active dag runs
[2025-11-11T12:41:42.931+0900] {scheduler_job_runner.py:1949} INFO - Adopting or resetting orphaned tasks for active dag runs
[2025-11-11T12:46:42.960+0900] {scheduler_job_runner.py:1949} INFO - Adopting or resetting orphaned tasks for active dag runs
[2025-11-11T12:51:42.993+0900] {scheduler_job_runner.py:1949} INFO - Adopting or resetting orphaned tasks for active dag runs
[2025-11-11T12:56:43.018+0900] {scheduler_job_runner.py:1949} INFO - Adopting or resetting orphaned tasks for active dag runs
[2025-11-11T13:01:43.041+0900] {scheduler_job_runner.py:1949} INFO - Adopting or resetting orphaned tasks for active dag runs
[2025-11-11T13:06:43.049+0900] {scheduler_job_runner.py:1949} INFO - Adopting or resetting orphaned tasks for active dag runs
[2025-11-11T13:11:43.074+0900] {scheduler_job_runner.py:1949} INFO - Adopting or resetting orphaned tasks for active dag runs
[2025-11-11T13:16:43.111+0900] {scheduler_job_runner.py:1949} INFO - Adopting or resetting orphaned tasks for active dag runs
[2025-11-11T13:21:43.139+0900] {scheduler_job_runner.py:1949} INFO - Adopting or resetting orphaned tasks for active dag runs
[2025-11-11T13:26:43.161+0900] {scheduler_job_runner.py:1949} INFO - Adopting or resetting orphaned tasks for active dag runs
[2025-11-11T13:31:43.192+0900] {scheduler_job_runner.py:1949} INFO - Adopting or resetting orphaned tasks for active dag runs
[2025-11-11T13:36:43.225+0900] {scheduler_job_runner.py:1949} INFO - Adopting or resetting orphaned tasks for active dag runs
[2025-11-11T13:41:43.249+0900] {scheduler_job_runner.py:1949} INFO - Adopting or resetting orphaned tasks for active dag runs
[2025-11-11T13:46:43.280+0900] {scheduler_job_runner.py:1949} INFO - Adopting or resetting orphaned tasks for active dag runs
[2025-11-11T13:51:43.453+0900] {scheduler_job_runner.py:1949} INFO - Adopting or resetting orphaned tasks for active dag runs
[2025-11-11T13:56:43.474+0900] {scheduler_job_runner.py:1949} INFO - Adopting or resetting orphaned tasks for active dag runs
[2025-11-11T14:01:43.498+0900] {scheduler_job_runner.py:1949} INFO - Adopting or resetting orphaned tasks for active dag runs
[2025-11-11T14:06:43.544+0900] {scheduler_job_runner.py:1949} INFO - Adopting or resetting orphaned tasks for active dag runs
[2025-11-11T14:11:43.575+0900] {scheduler_job_runner.py:1949} INFO - Adopting or resetting orphaned tasks for active dag runs
[2025-11-11T14:16:43.646+0900] {scheduler_job_runner.py:1949} INFO - Adopting or resetting orphaned tasks for active dag runs
[2025-11-11T14:21:43.679+0900] {scheduler_job_runner.py:1949} INFO - Adopting or resetting orphaned tasks for active dag runs
[2025-11-11T14:26:43.712+0900] {scheduler_job_runner.py:1949} INFO - Adopting or resetting orphaned tasks for active dag runs
[2025-11-11T14:31:43.744+0900] {scheduler_job_runner.py:1949} INFO - Adopting or resetting orphaned tasks for active dag runs
[2025-11-11T14:36:43.777+0900] {scheduler_job_runner.py:1949} INFO - Adopting or resetting orphaned tasks for active dag runs
[2025-11-11T14:41:43.811+0900] {scheduler_job_runner.py:1949} INFO - Adopting or resetting orphaned tasks for active dag runs
[2025-11-11T14:46:43.843+0900] {scheduler_job_runner.py:1949} INFO - Adopting or resetting orphaned tasks for active dag runs
[2025-11-11T14:51:43.867+0900] {scheduler_job_runner.py:1949} INFO - Adopting or resetting orphaned tasks for active dag runs
[2025-11-11T14:56:43.900+0900] {scheduler_job_runner.py:1949} INFO - Adopting or resetting orphaned tasks for active dag runs
[2025-11-11T15:01:43.938+0900] {scheduler_job_runner.py:1949} INFO - Adopting or resetting orphaned tasks for active dag runs
[2025-11-11T15:06:43.968+0900] {scheduler_job_runner.py:1949} INFO - Adopting or resetting orphaned tasks for active dag runs
[2025-11-11T15:11:44.001+0900] {scheduler_job_runner.py:1949} INFO - Adopting or resetting orphaned tasks for active dag runs
[2025-11-11T15:16:44.034+0900] {scheduler_job_runner.py:1949} INFO - Adopting or resetting orphaned tasks for active dag runs
[2025-11-11T15:21:44.069+0900] {scheduler_job_runner.py:1949} INFO - Adopting or resetting orphaned tasks for active dag runs
[2025-11-11T15:26:44.100+0900] {scheduler_job_runner.py:1949} INFO - Adopting or resetting orphaned tasks for active dag runs
[2025-11-11T15:31:44.132+0900] {scheduler_job_runner.py:1949} INFO - Adopting or resetting orphaned tasks for active dag runs
[2025-11-11T15:36:44.170+0900] {scheduler_job_runner.py:1949} INFO - Adopting or resetting orphaned tasks for active dag runs
[2025-11-11T15:41:44.192+0900] {scheduler_job_runner.py:1949} INFO - Adopting or resetting orphaned tasks for active dag runs
[2025-11-11T15:46:44.217+0900] {scheduler_job_runner.py:1949} INFO - Adopting or resetting orphaned tasks for active dag runs
[2025-11-11T15:51:44.251+0900] {scheduler_job_runner.py:1949} INFO - Adopting or resetting orphaned tasks for active dag runs
[2025-11-11T15:56:44.292+0900] {scheduler_job_runner.py:1949} INFO - Adopting or resetting orphaned tasks for active dag runs
[2025-11-11T16:01:44.338+0900] {scheduler_job_runner.py:1949} INFO - Adopting or resetting orphaned tasks for active dag runs
[2025-11-11T16:06:44.371+0900] {scheduler_job_runner.py:1949} INFO - Adopting or resetting orphaned tasks for active dag runs
[2025-11-11T16:11:44.404+0900] {scheduler_job_runner.py:1949} INFO - Adopting or resetting orphaned tasks for active dag runs
[2025-11-11T16:16:44.429+0900] {scheduler_job_runner.py:1949} INFO - Adopting or resetting orphaned tasks for active dag runs
[2025-11-11T16:21:44.475+0900] {scheduler_job_runner.py:1949} INFO - Adopting or resetting orphaned tasks for active dag runs
[2025-11-11T16:26:44.506+0900] {scheduler_job_runner.py:1949} INFO - Adopting or resetting orphaned tasks for active dag runs
[2025-11-11T16:31:44.539+0900] {scheduler_job_runner.py:1949} INFO - Adopting or resetting orphaned tasks for active dag runs
[2025-11-11T16:36:44.571+0900] {scheduler_job_runner.py:1949} INFO - Adopting or resetting orphaned tasks for active dag runs
[2025-11-11T16:41:44.604+0900] {scheduler_job_runner.py:1949} INFO - Adopting or resetting orphaned tasks for active dag runs
[2025-11-11T16:46:44.642+0900] {scheduler_job_runner.py:1949} INFO - Adopting or resetting orphaned tasks for active dag runs
[2025-11-11T16:51:44.672+0900] {scheduler_job_runner.py:1949} INFO - Adopting or resetting orphaned tasks for active dag runs
[2025-11-11T16:56:44.714+0900] {scheduler_job_runner.py:1949} INFO - Adopting or resetting orphaned tasks for active dag runs
[2025-11-11T17:01:44.755+0900] {scheduler_job_runner.py:1949} INFO - Adopting or resetting orphaned tasks for active dag runs
[2025-11-11T17:06:44.797+0900] {scheduler_job_runner.py:1949} INFO - Adopting or resetting orphaned tasks for active dag runs
[2025-11-11T17:11:44.822+0900] {scheduler_job_runner.py:1949} INFO - Adopting or resetting orphaned tasks for active dag runs
[2025-11-11T17:16:44.846+0900] {scheduler_job_runner.py:1949} INFO - Adopting or resetting orphaned tasks for active dag runs
[2025-11-11T17:21:44.878+0900] {scheduler_job_runner.py:1949} INFO - Adopting or resetting orphaned tasks for active dag runs
[2025-11-11T17:26:44.911+0900] {scheduler_job_runner.py:1949} INFO - Adopting or resetting orphaned tasks for active dag runs
[2025-11-11T17:31:44.944+0900] {scheduler_job_runner.py:1949} INFO - Adopting or resetting orphaned tasks for active dag runs
[2025-11-11T17:36:44.978+0900] {scheduler_job_runner.py:1949} INFO - Adopting or resetting orphaned tasks for active dag runs
[2025-11-11T17:41:45.012+0900] {scheduler_job_runner.py:1949} INFO - Adopting or resetting orphaned tasks for active dag runs
[2025-11-11T17:46:45.042+0900] {scheduler_job_runner.py:1949} INFO - Adopting or resetting orphaned tasks for active dag runs
[2025-11-11T17:51:45.074+0900] {scheduler_job_runner.py:1949} INFO - Adopting or resetting orphaned tasks for active dag runs
[2025-11-11T17:56:45.119+0900] {scheduler_job_runner.py:1949} INFO - Adopting or resetting orphaned tasks for active dag runs
[2025-11-11T18:01:45.152+0900] {scheduler_job_runner.py:1949} INFO - Adopting or resetting orphaned tasks for active dag runs
[2025-11-11T18:06:45.185+0900] {scheduler_job_runner.py:1949} INFO - Adopting or resetting orphaned tasks for active dag runs
[2025-11-11T18:11:45.476+0900] {scheduler_job_runner.py:1949} INFO - Adopting or resetting orphaned tasks for active dag runs
[2025-11-11T18:16:45.501+0900] {scheduler_job_runner.py:1949} INFO - Adopting or resetting orphaned tasks for active dag runs
[2025-11-11T18:21:45.533+0900] {scheduler_job_runner.py:1949} INFO - Adopting or resetting orphaned tasks for active dag runs
[2025-11-11T18:26:45.565+0900] {scheduler_job_runner.py:1949} INFO - Adopting or resetting orphaned tasks for active dag runs
[2025-11-11T18:31:45.599+0900] {scheduler_job_runner.py:1949} INFO - Adopting or resetting orphaned tasks for active dag runs
[2025-11-11T18:36:45.631+0900] {scheduler_job_runner.py:1949} INFO - Adopting or resetting orphaned tasks for active dag runs
[2025-11-11T18:41:45.665+0900] {scheduler_job_runner.py:1949} INFO - Adopting or resetting orphaned tasks for active dag runs
[2025-11-11T18:46:45.698+0900] {scheduler_job_runner.py:1949} INFO - Adopting or resetting orphaned tasks for active dag runs
[2025-11-11T18:51:45.731+0900] {scheduler_job_runner.py:1949} INFO - Adopting or resetting orphaned tasks for active dag runs
[2025-11-11T18:56:45.777+0900] {scheduler_job_runner.py:1949} INFO - Adopting or resetting orphaned tasks for active dag runs
[2025-11-11T19:01:45.810+0900] {scheduler_job_runner.py:1949} INFO - Adopting or resetting orphaned tasks for active dag runs
[2025-11-11T19:06:45.843+0900] {scheduler_job_runner.py:1949} INFO - Adopting or resetting orphaned tasks for active dag runs
[2025-11-11T19:11:45.876+0900] {scheduler_job_runner.py:1949} INFO - Adopting or resetting orphaned tasks for active dag runs
[2025-11-11T19:16:45.909+0900] {scheduler_job_runner.py:1949} INFO - Adopting or resetting orphaned tasks for active dag runs
[2025-11-11T19:21:45.941+0900] {scheduler_job_runner.py:1949} INFO - Adopting or resetting orphaned tasks for active dag runs
[2025-11-11T19:26:45.961+0900] {scheduler_job_runner.py:1949} INFO - Adopting or resetting orphaned tasks for active dag runs
[2025-11-11T19:31:45.994+0900] {scheduler_job_runner.py:1949} INFO - Adopting or resetting orphaned tasks for active dag runs
[2025-11-11T19:36:46.038+0900] {scheduler_job_runner.py:1949} INFO - Adopting or resetting orphaned tasks for active dag runs
[2025-11-11T19:41:46.069+0900] {scheduler_job_runner.py:1949} INFO - Adopting or resetting orphaned tasks for active dag runs
[2025-11-11T19:46:46.098+0900] {scheduler_job_runner.py:1949} INFO - Adopting or resetting orphaned tasks for active dag runs
[2025-11-11T19:51:46.130+0900] {scheduler_job_runner.py:1949} INFO - Adopting or resetting orphaned tasks for active dag runs
[2025-11-11T19:56:46.163+0900] {scheduler_job_runner.py:1949} INFO - Adopting or resetting orphaned tasks for active dag runs
[2025-11-11T20:01:46.196+0900] {scheduler_job_runner.py:1949} INFO - Adopting or resetting orphaned tasks for active dag runs
[2025-11-11T20:06:46.229+0900] {scheduler_job_runner.py:1949} INFO - Adopting or resetting orphaned tasks for active dag runs
[2025-11-11T20:11:46.262+0900] {scheduler_job_runner.py:1949} INFO - Adopting or resetting orphaned tasks for active dag runs
[2025-11-11T20:16:46.306+0900] {scheduler_job_runner.py:1949} INFO - Adopting or resetting orphaned tasks for active dag runs
[2025-11-11T20:21:46.338+0900] {scheduler_job_runner.py:1949} INFO - Adopting or resetting orphaned tasks for active dag runs
[2025-11-11T20:26:46.371+0900] {scheduler_job_runner.py:1949} INFO - Adopting or resetting orphaned tasks for active dag runs
[2025-11-11T20:31:46.404+0900] {scheduler_job_runner.py:1949} INFO - Adopting or resetting orphaned tasks for active dag runs
[2025-11-11T20:36:46.437+0900] {scheduler_job_runner.py:1949} INFO - Adopting or resetting orphaned tasks for active dag runs
[2025-11-11T20:41:46.480+0900] {scheduler_job_runner.py:1949} INFO - Adopting or resetting orphaned tasks for active dag runs
[2025-11-11T20:46:46.575+0900] {scheduler_job_runner.py:1949} INFO - Adopting or resetting orphaned tasks for active dag runs
[2025-11-11T20:51:46.605+0900] {scheduler_job_runner.py:1949} INFO - Adopting or resetting orphaned tasks for active dag runs
[2025-11-11T20:56:46.637+0900] {scheduler_job_runner.py:1949} INFO - Adopting or resetting orphaned tasks for active dag runs
[2025-11-11T21:01:46.785+0900] {scheduler_job_runner.py:1949} INFO - Adopting or resetting orphaned tasks for active dag runs
[2025-11-11T21:06:46.818+0900] {scheduler_job_runner.py:1949} INFO - Adopting or resetting orphaned tasks for active dag runs
[2025-11-11T21:11:46.850+0900] {scheduler_job_runner.py:1949} INFO - Adopting or resetting orphaned tasks for active dag runs
[2025-11-11T21:16:46.884+0900] {scheduler_job_runner.py:1949} INFO - Adopting or resetting orphaned tasks for active dag runs
[2025-11-11T21:21:47.358+0900] {scheduler_job_runner.py:1949} INFO - Adopting or resetting orphaned tasks for active dag runs
[2025-11-11T21:26:47.387+0900] {scheduler_job_runner.py:1949} INFO - Adopting or resetting orphaned tasks for active dag runs
[2025-11-11T21:31:47.420+0900] {scheduler_job_runner.py:1949} INFO - Adopting or resetting orphaned tasks for active dag runs
[2025-11-11T21:36:47.453+0900] {scheduler_job_runner.py:1949} INFO - Adopting or resetting orphaned tasks for active dag runs
[2025-11-11T21:41:47.482+0900] {scheduler_job_runner.py:1949} INFO - Adopting or resetting orphaned tasks for active dag runs
[2025-11-11T21:46:47.512+0900] {scheduler_job_runner.py:1949} INFO - Adopting or resetting orphaned tasks for active dag runs
[2025-11-11T21:51:47.544+0900] {scheduler_job_runner.py:1949} INFO - Adopting or resetting orphaned tasks for active dag runs
[2025-11-11T21:56:47.578+0900] {scheduler_job_runner.py:1949} INFO - Adopting or resetting orphaned tasks for active dag runs
[2025-11-11T22:01:47.612+0900] {scheduler_job_runner.py:1949} INFO - Adopting or resetting orphaned tasks for active dag runs
[2025-11-11T22:06:47.646+0900] {scheduler_job_runner.py:1949} INFO - Adopting or resetting orphaned tasks for active dag runs
[2025-11-11T22:11:47.694+0900] {scheduler_job_runner.py:1949} INFO - Adopting or resetting orphaned tasks for active dag runs
[2025-11-11T22:16:47.726+0900] {scheduler_job_runner.py:1949} INFO - Adopting or resetting orphaned tasks for active dag runs
[2025-11-11T22:21:47.759+0900] {scheduler_job_runner.py:1949} INFO - Adopting or resetting orphaned tasks for active dag runs
[2025-11-11T22:26:47.939+0900] {scheduler_job_runner.py:1949} INFO - Adopting or resetting orphaned tasks for active dag runs
[2025-11-11T22:31:47.972+0900] {scheduler_job_runner.py:1949} INFO - Adopting or resetting orphaned tasks for active dag runs
[2025-11-11T22:36:48.004+0900] {scheduler_job_runner.py:1949} INFO - Adopting or resetting orphaned tasks for active dag runs
[2025-11-11T22:41:48.458+0900] {scheduler_job_runner.py:1949} INFO - Adopting or resetting orphaned tasks for active dag runs
[2025-11-11T22:46:48.491+0900] {scheduler_job_runner.py:1949} INFO - Adopting or resetting orphaned tasks for active dag runs
[2025-11-11T22:51:48.534+0900] {scheduler_job_runner.py:1949} INFO - Adopting or resetting orphaned tasks for active dag runs
[2025-11-11T22:56:48.566+0900] {scheduler_job_runner.py:1949} INFO - Adopting or resetting orphaned tasks for active dag runs
[2025-11-11T23:01:48.608+0900] {scheduler_job_runner.py:1949} INFO - Adopting or resetting orphaned tasks for active dag runs
[2025-11-11T23:06:48.639+0900] {scheduler_job_runner.py:1949} INFO - Adopting or resetting orphaned tasks for active dag runs
[2025-11-11T23:11:48.980+0900] {scheduler_job_runner.py:1949} INFO - Adopting or resetting orphaned tasks for active dag runs
[2025-11-11T23:16:49.014+0900] {scheduler_job_runner.py:1949} INFO - Adopting or resetting orphaned tasks for active dag runs
[2025-11-11T23:21:49.146+0900] {scheduler_job_runner.py:1949} INFO - Adopting or resetting orphaned tasks for active dag runs
[2025-11-11T23:26:49.176+0900] {scheduler_job_runner.py:1949} INFO - Adopting or resetting orphaned tasks for active dag runs
[2025-11-11T23:31:49.209+0900] {scheduler_job_runner.py:1949} INFO - Adopting or resetting orphaned tasks for active dag runs
[2025-11-11T23:36:49.242+0900] {scheduler_job_runner.py:1949} INFO - Adopting or resetting orphaned tasks for active dag runs
[2025-11-11T23:41:49.277+0900] {scheduler_job_runner.py:1949} INFO - Adopting or resetting orphaned tasks for active dag runs
[2025-11-11T23:46:49.310+0900] {scheduler_job_runner.py:1949} INFO - Adopting or resetting orphaned tasks for active dag runs
[2025-11-11T23:51:49.345+0900] {scheduler_job_runner.py:1949} INFO - Adopting or resetting orphaned tasks for active dag runs
[2025-11-11T23:56:49.378+0900] {scheduler_job_runner.py:1949} INFO - Adopting or resetting orphaned tasks for active dag runs
[2025-11-12T00:01:49.410+0900] {scheduler_job_runner.py:1949} INFO - Adopting or resetting orphaned tasks for active dag runs
[2025-11-12T00:06:49.443+0900] {scheduler_job_runner.py:1949} INFO - Adopting or resetting orphaned tasks for active dag runs
[2025-11-12T00:11:49.479+0900] {scheduler_job_runner.py:1949} INFO - Adopting or resetting orphaned tasks for active dag runs
[2025-11-12T00:16:49.638+0900] {scheduler_job_runner.py:1949} INFO - Adopting or resetting orphaned tasks for active dag runs
[2025-11-12T00:21:49.832+0900] {scheduler_job_runner.py:1949} INFO - Adopting or resetting orphaned tasks for active dag runs
[2025-11-12T00:26:49.865+0900] {scheduler_job_runner.py:1949} INFO - Adopting or resetting orphaned tasks for active dag runs
[2025-11-12T00:31:49.906+0900] {scheduler_job_runner.py:1949} INFO - Adopting or resetting orphaned tasks for active dag runs
[2025-11-12T00:36:49.942+0900] {scheduler_job_runner.py:1949} INFO - Adopting or resetting orphaned tasks for active dag runs
[2025-11-12T00:41:49.971+0900] {scheduler_job_runner.py:1949} INFO - Adopting or resetting orphaned tasks for active dag runs
[2025-11-12T00:46:50.117+0900] {scheduler_job_runner.py:1949} INFO - Adopting or resetting orphaned tasks for active dag runs
[2025-11-12T00:51:50.141+0900] {scheduler_job_runner.py:1949} INFO - Adopting or resetting orphaned tasks for active dag runs
[2025-11-12T00:56:50.370+0900] {scheduler_job_runner.py:1949} INFO - Adopting or resetting orphaned tasks for active dag runs
[2025-11-12T01:01:50.402+0900] {scheduler_job_runner.py:1949} INFO - Adopting or resetting orphaned tasks for active dag runs
[2025-11-12T01:06:50.435+0900] {scheduler_job_runner.py:1949} INFO - Adopting or resetting orphaned tasks for active dag runs
[2025-11-12T01:11:50.468+0900] {scheduler_job_runner.py:1949} INFO - Adopting or resetting orphaned tasks for active dag runs
[2025-11-12T01:16:50.502+0900] {scheduler_job_runner.py:1949} INFO - Adopting or resetting orphaned tasks for active dag runs
[2025-11-12T01:21:50.535+0900] {scheduler_job_runner.py:1949} INFO - Adopting or resetting orphaned tasks for active dag runs
[2025-11-12T01:26:50.568+0900] {scheduler_job_runner.py:1949} INFO - Adopting or resetting orphaned tasks for active dag runs
[2025-11-12T01:31:50.729+0900] {scheduler_job_runner.py:1949} INFO - Adopting or resetting orphaned tasks for active dag runs
[2025-11-12T01:36:50.761+0900] {scheduler_job_runner.py:1949} INFO - Adopting or resetting orphaned tasks for active dag runs
[2025-11-12T01:41:50.795+0900] {scheduler_job_runner.py:1949} INFO - Adopting or resetting orphaned tasks for active dag runs
[2025-11-12T01:46:50.827+0900] {scheduler_job_runner.py:1949} INFO - Adopting or resetting orphaned tasks for active dag runs
[2025-11-12T01:51:50.872+0900] {scheduler_job_runner.py:1949} INFO - Adopting or resetting orphaned tasks for active dag runs
[2025-11-12T01:56:51.033+0900] {scheduler_job_runner.py:1949} INFO - Adopting or resetting orphaned tasks for active dag runs
[2025-11-12T02:01:51.067+0900] {scheduler_job_runner.py:1949} INFO - Adopting or resetting orphaned tasks for active dag runs
[2025-11-12T02:06:51.101+0900] {scheduler_job_runner.py:1949} INFO - Adopting or resetting orphaned tasks for active dag runs
[2025-11-12T02:11:51.134+0900] {scheduler_job_runner.py:1949} INFO - Adopting or resetting orphaned tasks for active dag runs
[2025-11-12T02:16:51.168+0900] {scheduler_job_runner.py:1949} INFO - Adopting or resetting orphaned tasks for active dag runs
[2025-11-12T02:21:51.198+0900] {scheduler_job_runner.py:1949} INFO - Adopting or resetting orphaned tasks for active dag runs
[2025-11-12T02:26:51.240+0900] {scheduler_job_runner.py:1949} INFO - Adopting or resetting orphaned tasks for active dag runs
[2025-11-12T02:31:51.273+0900] {scheduler_job_runner.py:1949} INFO - Adopting or resetting orphaned tasks for active dag runs
[2025-11-12T02:36:51.305+0900] {scheduler_job_runner.py:1949} INFO - Adopting or resetting orphaned tasks for active dag runs
[2025-11-12T02:41:51.341+0900] {scheduler_job_runner.py:1949} INFO - Adopting or resetting orphaned tasks for active dag runs
[2025-11-12T02:46:51.363+0900] {scheduler_job_runner.py:1949} INFO - Adopting or resetting orphaned tasks for active dag runs
[2025-11-12T02:51:51.395+0900] {scheduler_job_runner.py:1949} INFO - Adopting or resetting orphaned tasks for active dag runs
[2025-11-12T02:56:51.427+0900] {scheduler_job_runner.py:1949} INFO - Adopting or resetting orphaned tasks for active dag runs
[2025-11-12T03:01:51.589+0900] {scheduler_job_runner.py:1949} INFO - Adopting or resetting orphaned tasks for active dag runs
[2025-11-12T03:06:51.623+0900] {scheduler_job_runner.py:1949} INFO - Adopting or resetting orphaned tasks for active dag runs
[2025-11-12T03:11:51.665+0900] {scheduler_job_runner.py:1949} INFO - Adopting or resetting orphaned tasks for active dag runs
[2025-11-12T03:16:51.838+0900] {scheduler_job_runner.py:1949} INFO - Adopting or resetting orphaned tasks for active dag runs
[2025-11-12T03:21:52.014+0900] {scheduler_job_runner.py:1949} INFO - Adopting or resetting orphaned tasks for active dag runs
[2025-11-12T03:26:52.058+0900] {scheduler_job_runner.py:1949} INFO - Adopting or resetting orphaned tasks for active dag runs
[2025-11-12T03:31:52.095+0900] {scheduler_job_runner.py:1949} INFO - Adopting or resetting orphaned tasks for active dag runs
[2025-11-12T03:36:52.123+0900] {scheduler_job_runner.py:1949} INFO - Adopting or resetting orphaned tasks for active dag runs
[2025-11-12T03:41:52.155+0900] {scheduler_job_runner.py:1949} INFO - Adopting or resetting orphaned tasks for active dag runs
[2025-11-12T03:46:52.188+0900] {scheduler_job_runner.py:1949} INFO - Adopting or resetting orphaned tasks for active dag runs
[2025-11-12T03:51:52.221+0900] {scheduler_job_runner.py:1949} INFO - Adopting or resetting orphaned tasks for active dag runs
[2025-11-12T03:56:52.382+0900] {scheduler_job_runner.py:1949} INFO - Adopting or resetting orphaned tasks for active dag runs
[2025-11-12T04:01:52.415+0900] {scheduler_job_runner.py:1949} INFO - Adopting or resetting orphaned tasks for active dag runs
[2025-11-12T04:06:52.447+0900] {scheduler_job_runner.py:1949} INFO - Adopting or resetting orphaned tasks for active dag runs
[2025-11-12T04:11:52.481+0900] {scheduler_job_runner.py:1949} INFO - Adopting or resetting orphaned tasks for active dag runs
[2025-11-12T04:16:52.512+0900] {scheduler_job_runner.py:1949} INFO - Adopting or resetting orphaned tasks for active dag runs
[2025-11-12T04:21:52.555+0900] {scheduler_job_runner.py:1949} INFO - Adopting or resetting orphaned tasks for active dag runs
[2025-11-12T04:26:52.587+0900] {scheduler_job_runner.py:1949} INFO - Adopting or resetting orphaned tasks for active dag runs
[2025-11-12T04:31:52.620+0900] {scheduler_job_runner.py:1949} INFO - Adopting or resetting orphaned tasks for active dag runs
[2025-11-12T04:36:52.661+0900] {scheduler_job_runner.py:1949} INFO - Adopting or resetting orphaned tasks for active dag runs
[2025-11-12T04:41:52.693+0900] {scheduler_job_runner.py:1949} INFO - Adopting or resetting orphaned tasks for active dag runs
[2025-11-12T04:46:52.727+0900] {scheduler_job_runner.py:1949} INFO - Adopting or resetting orphaned tasks for active dag runs
[2025-11-12T04:51:52.760+0900] {scheduler_job_runner.py:1949} INFO - Adopting or resetting orphaned tasks for active dag runs
[2025-11-12T04:56:52.793+0900] {scheduler_job_runner.py:1949} INFO - Adopting or resetting orphaned tasks for active dag runs
[2025-11-12T05:01:52.833+0900] {scheduler_job_runner.py:1949} INFO - Adopting or resetting orphaned tasks for active dag runs
[2025-11-12T05:06:52.857+0900] {scheduler_job_runner.py:1949} INFO - Adopting or resetting orphaned tasks for active dag runs
[2025-11-12T05:11:52.881+0900] {scheduler_job_runner.py:1949} INFO - Adopting or resetting orphaned tasks for active dag runs
[2025-11-12T05:16:52.914+0900] {scheduler_job_runner.py:1949} INFO - Adopting or resetting orphaned tasks for active dag runs
[2025-11-12T05:21:52.945+0900] {scheduler_job_runner.py:1949} INFO - Adopting or resetting orphaned tasks for active dag runs
[2025-11-12T05:26:52.981+0900] {scheduler_job_runner.py:1949} INFO - Adopting or resetting orphaned tasks for active dag runs
[2025-11-12T05:31:53.014+0900] {scheduler_job_runner.py:1949} INFO - Adopting or resetting orphaned tasks for active dag runs
[2025-11-12T05:36:53.045+0900] {scheduler_job_runner.py:1949} INFO - Adopting or resetting orphaned tasks for active dag runs
[2025-11-12T05:41:53.077+0900] {scheduler_job_runner.py:1949} INFO - Adopting or resetting orphaned tasks for active dag runs
[2025-11-12T05:46:53.110+0900] {scheduler_job_runner.py:1949} INFO - Adopting or resetting orphaned tasks for active dag runs
[2025-11-12T05:51:53.119+0900] {scheduler_job_runner.py:1949} INFO - Adopting or resetting orphaned tasks for active dag runs
[2025-11-12T05:56:53.161+0900] {scheduler_job_runner.py:1949} INFO - Adopting or resetting orphaned tasks for active dag runs
[2025-11-12T06:01:53.194+0900] {scheduler_job_runner.py:1949} INFO - Adopting or resetting orphaned tasks for active dag runs
[2025-11-12T06:06:53.219+0900] {scheduler_job_runner.py:1949} INFO - Adopting or resetting orphaned tasks for active dag runs
[2025-11-12T06:11:53.257+0900] {scheduler_job_runner.py:1949} INFO - Adopting or resetting orphaned tasks for active dag runs
[2025-11-12T06:16:53.280+0900] {scheduler_job_runner.py:1949} INFO - Adopting or resetting orphaned tasks for active dag runs
[2025-11-12T06:21:53.308+0900] {scheduler_job_runner.py:1949} INFO - Adopting or resetting orphaned tasks for active dag runs
[2025-11-12T06:26:53.341+0900] {scheduler_job_runner.py:1949} INFO - Adopting or resetting orphaned tasks for active dag runs
[2025-11-12T06:31:53.369+0900] {scheduler_job_runner.py:1949} INFO - Adopting or resetting orphaned tasks for active dag runs
[2025-11-12T06:36:53.412+0900] {scheduler_job_runner.py:1949} INFO - Adopting or resetting orphaned tasks for active dag runs
[2025-11-12T06:41:53.596+0900] {scheduler_job_runner.py:1949} INFO - Adopting or resetting orphaned tasks for active dag runs
[2025-11-12T06:46:53.633+0900] {scheduler_job_runner.py:1949} INFO - Adopting or resetting orphaned tasks for active dag runs
[2025-11-12T06:51:53.680+0900] {scheduler_job_runner.py:1949} INFO - Adopting or resetting orphaned tasks for active dag runs
[2025-11-12T06:56:53.713+0900] {scheduler_job_runner.py:1949} INFO - Adopting or resetting orphaned tasks for active dag runs
[2025-11-12T07:01:53.724+0900] {scheduler_job_runner.py:1949} INFO - Adopting or resetting orphaned tasks for active dag runs
[2025-11-12T07:06:53.756+0900] {scheduler_job_runner.py:1949} INFO - Adopting or resetting orphaned tasks for active dag runs
[2025-11-12T07:11:53.792+0900] {scheduler_job_runner.py:1949} INFO - Adopting or resetting orphaned tasks for active dag runs
[2025-11-12T07:16:53.821+0900] {scheduler_job_runner.py:1949} INFO - Adopting or resetting orphaned tasks for active dag runs
[2025-11-12T07:21:53.854+0900] {scheduler_job_runner.py:1949} INFO - Adopting or resetting orphaned tasks for active dag runs
[2025-11-12T07:26:53.886+0900] {scheduler_job_runner.py:1949} INFO - Adopting or resetting orphaned tasks for active dag runs
[2025-11-12T07:31:53.914+0900] {scheduler_job_runner.py:1949} INFO - Adopting or resetting orphaned tasks for active dag runs
[2025-11-12T07:36:53.945+0900] {scheduler_job_runner.py:1949} INFO - Adopting or resetting orphaned tasks for active dag runs
[2025-11-12T07:41:53.979+0900] {scheduler_job_runner.py:1949} INFO - Adopting or resetting orphaned tasks for active dag runs
[2025-11-12T07:46:54.012+0900] {scheduler_job_runner.py:1949} INFO - Adopting or resetting orphaned tasks for active dag runs
[2025-11-12T07:51:54.046+0900] {scheduler_job_runner.py:1949} INFO - Adopting or resetting orphaned tasks for active dag runs
[2025-11-12T07:56:54.089+0900] {scheduler_job_runner.py:1949} INFO - Adopting or resetting orphaned tasks for active dag runs
[2025-11-12T08:01:54.122+0900] {scheduler_job_runner.py:1949} INFO - Adopting or resetting orphaned tasks for active dag runs
[2025-11-12T08:06:54.155+0900] {scheduler_job_runner.py:1949} INFO - Adopting or resetting orphaned tasks for active dag runs
[2025-11-12T08:11:54.188+0900] {scheduler_job_runner.py:1949} INFO - Adopting or resetting orphaned tasks for active dag runs
[2025-11-12T08:16:54.216+0900] {scheduler_job_runner.py:1949} INFO - Adopting or resetting orphaned tasks for active dag runs
[2025-11-12T08:21:54.241+0900] {scheduler_job_runner.py:1949} INFO - Adopting or resetting orphaned tasks for active dag runs
[2025-11-12T08:26:54.270+0900] {scheduler_job_runner.py:1949} INFO - Adopting or resetting orphaned tasks for active dag runs
[2025-11-12T08:31:54.302+0900] {scheduler_job_runner.py:1949} INFO - Adopting or resetting orphaned tasks for active dag runs
[2025-11-12T08:36:54.335+0900] {scheduler_job_runner.py:1949} INFO - Adopting or resetting orphaned tasks for active dag runs
[2025-11-12T08:41:54.361+0900] {scheduler_job_runner.py:1949} INFO - Adopting or resetting orphaned tasks for active dag runs
[2025-11-12T08:46:54.393+0900] {scheduler_job_runner.py:1949} INFO - Adopting or resetting orphaned tasks for active dag runs
[2025-11-12T08:51:54.427+0900] {scheduler_job_runner.py:1949} INFO - Adopting or resetting orphaned tasks for active dag runs
[2025-11-12T08:56:54.460+0900] {scheduler_job_runner.py:1949} INFO - Adopting or resetting orphaned tasks for active dag runs
[2025-11-12T09:01:54.494+0900] {scheduler_job_runner.py:1949} INFO - Adopting or resetting orphaned tasks for active dag runs
[2025-11-12T09:06:54.539+0900] {scheduler_job_runner.py:1949} INFO - Adopting or resetting orphaned tasks for active dag runs
[2025-11-12T09:11:54.570+0900] {scheduler_job_runner.py:1949} INFO - Adopting or resetting orphaned tasks for active dag runs
[2025-11-12T09:16:54.602+0900] {scheduler_job_runner.py:1949} INFO - Adopting or resetting orphaned tasks for active dag runs
[2025-11-12T09:21:54.636+0900] {scheduler_job_runner.py:1949} INFO - Adopting or resetting orphaned tasks for active dag runs
[2025-11-12T09:26:54.669+0900] {scheduler_job_runner.py:1949} INFO - Adopting or resetting orphaned tasks for active dag runs
[2025-11-12T09:31:54.702+0900] {scheduler_job_runner.py:1949} INFO - Adopting or resetting orphaned tasks for active dag runs
[2025-11-12T09:36:54.733+0900] {scheduler_job_runner.py:1949} INFO - Adopting or resetting orphaned tasks for active dag runs
[2025-11-12T09:41:54.766+0900] {scheduler_job_runner.py:1949} INFO - Adopting or resetting orphaned tasks for active dag runs
[2025-11-12T09:46:54.964+0900] {scheduler_job_runner.py:1949} INFO - Adopting or resetting orphaned tasks for active dag runs
[2025-11-12T09:51:55.013+0900] {scheduler_job_runner.py:1949} INFO - Adopting or resetting orphaned tasks for active dag runs
[2025-11-12T09:56:55.045+0900] {scheduler_job_runner.py:1949} INFO - Adopting or resetting orphaned tasks for active dag runs
[2025-11-12T10:01:55.078+0900] {scheduler_job_runner.py:1949} INFO - Adopting or resetting orphaned tasks for active dag runs
[2025-11-12T10:06:55.110+0900] {scheduler_job_runner.py:1949} INFO - Adopting or resetting orphaned tasks for active dag runs
[2025-11-12T10:11:55.143+0900] {scheduler_job_runner.py:1949} INFO - Adopting or resetting orphaned tasks for active dag runs
[2025-11-12T10:16:55.178+0900] {scheduler_job_runner.py:1949} INFO - Adopting or resetting orphaned tasks for active dag runs
[2025-11-12T10:21:55.220+0900] {scheduler_job_runner.py:1949} INFO - Adopting or resetting orphaned tasks for active dag runs
[2025-11-12T10:26:55.251+0900] {scheduler_job_runner.py:1949} INFO - Adopting or resetting orphaned tasks for active dag runs
